,Tournament,City,Country,Start Date,Prize,Champion,Surface,URL,Year
0,Doha,Doha,Empty,2005.01.03,"$1,000,000",Roger Federer,Hard,/en/scores/archive/doha/451/2005/results,2005
1,Adelaide,Adelaide,Empty,2005.01.03,"$419,000",Joachim Johansson,Hard,/en/scores/archive/adelaide/7308/2005/results,2005
2,Chennai,Chennai,Empty,2005.01.03,"$380,000",Carlos Moya,Hard,/en/scores/archive/chennai/891/2005/results,2005
3,Auckland,Auckland,Empty,2005.01.10,"$426,000",Fernando Gonzalez,Hard,/en/scores/archive/auckland/301/2005/results,2005
4,Sydney,Sydney,Empty,2005.01.10,"$419,000",Lleyton Hewitt,Hard,/en/scores/archive/sydney/338/2005/results,2005
5,Australian Open,Melbourne,Empty,2005.01.17,"$6,743,444",Marat Safin,Hard,/en/scores/archive/australian-open/580/2005/results,2005
6,Delray Beach,Delray Beach,Empty,2005.01.31,"$380,000",Xavier Malisse,Hard,/en/scores/archive/delray-beach/499/2005/results,2005
7,Milan,Milan,Empty,2005.01.31,"$380,000",Robin Soderling,Carpet,/en/scores/archive/milan/408/2005/results,2005
8,Viña del Mar,Vina Del Mar,Empty,2005.01.31,"$380,000",Gaston Gaudio,Clay,/en/scores/archive/vina-del-mar/505/2005/results,2005
9,Marseille,Marseille,Empty,2005.02.07,"$600,000",Joachim Johansson,Hard,/en/scores/archive/marseille/496/2005/results,2005
10,Buenos Aires,Buenos Aires,Empty,2005.02.07,"$380,000",Gaston Gaudio,Clay,/en/scores/archive/buenos-aires/506/2005/results,2005
11,San Jose,San Jose,Empty,2005.02.07,"$380,000",Andy Roddick,Hard,/en/scores/archive/san-jose/424/2005/results,2005
12,Rotterdam,Rotterdam,Empty,2005.02.14,"$925,000",Roger Federer,Hard,/en/scores/archive/rotterdam/407/2005/results,2005
13,Memphis,Memphis,Empty,2005.02.14,"$690,000",Kenneth Carlsen,Hard,/en/scores/archive/memphis/402/2005/results,2005
14,Costa do Sauipe,Costa do Sauipe,Empty,2005.02.14,"$380,000",Rafael Nadal,Clay,/en/scores/archive/costa-do-sauipe/533/2005/results,2005
15,Dubai,Dubai,Empty,2005.02.21,"$1,000,000",Roger Federer,Hard,/en/scores/archive/dubai/495/2005/results,2005
16,Acapulco,Acapulco,Empty,2005.02.21,"$643,000",Rafael Nadal,Clay,/en/scores/archive/acapulco/807/2005/results,2005
17,Scottsdale,Scottsdale,Empty,2005.02.21,"$380,000",Wayne Arthurs,Hard,/en/scores/archive/scottsdale/433/2005/results,2005
18,ATP Masters 1000 Indian Wells,Indian Wells,Empty,2005.03.07,"$2,974,600",Roger Federer,Hard,/en/scores/archive/indian-wells/404/2005/results,2005
19,ATP Masters 1000 Miami,Miami,Empty,2005.03.21,"$3,450,000",Roger Federer,Hard,/en/scores/archive/miami/403/2005/results,2005
20,Valencia,Valencia,Empty,2005.04.04,"$400,000",Igor Andreev,Clay,/en/scores/archive/valencia/573/2005/results,2005
21,Casablanca,Casablanca,Empty,2005.04.04,"$380,000",Mariano Puerta,Clay,/en/scores/archive/casablanca/360/2005/results,2005
22,ATP Masters 1000 Monte Carlo,Monte Carlo,Empty,2005.04.11,"$2,450,000",Rafael Nadal,Clay,/en/scores/archive/monte-carlo/410/2005/results,2005
23,Barcelona,Barcelona,Empty,2005.04.18,"$1,000,000",Rafael Nadal,Clay,/en/scores/archive/barcelona/425/2005/results,2005
24,Houston,Houston,Empty,2005.04.18,"$380,000",Andy Roddick,Clay,/en/scores/archive/houston/717/2005/results,2005
25,Estoril,Estoril,Empty,2005.04.25,"$625,000",Gaston Gaudio,Clay,/en/scores/archive/estoril/468/2005/results,2005
26,Munich,Munich,Empty,2005.04.25,"$380,000",David Nalbandian,Clay,/en/scores/archive/munich/308/2005/results,2005
27,ATP Masters 1000 Rome,Rome,Empty,2005.05.02,"$2,450,000",Rafael Nadal,Clay,/en/scores/archive/rome/416/2005/results,2005
28,ATP Masters 1000 Hamburg,Hamburg,Empty,2005.05.09,"$2,450,000",Roger Federer,Clay,/en/scores/archive/hamburg/414/2005/results,2005
29,World Team Championship,Dusseldorf,Empty,2005.05.16,"$1,500,000",Guillermo Coria,Clay,/en/scores/archive/dusseldorf/615/2005/results,2005
30,St. Poelten,St. Poelten,Empty,2005.05.16,"$380,000",Nikolay Davydenko,Clay,/en/scores/archive/st-poelten/306/2005/results,2005
31,Roland Garros,Paris,Empty,2005.05.23,"$7,992,394",Rafael Nadal,Clay,/en/scores/archive/roland-garros/520/2005/results,2005
32,Halle,Halle,Empty,2005.06.06,"$800,000",Roger Federer,Grass,/en/scores/archive/halle/500/2005/results,2005
33,London / Queen's Club,London,Empty,2005.06.06,"$800,000",Andy Roddick,Grass,/en/scores/archive/london/311/2005/results,2005
34,Nottingham,Nottingham,Empty,2005.06.13,"$380,000",Richard Gasquet,Grass,/en/scores/archive/nottingham/741/2005/results,2005
35,'s-Hertogenbosch,s-Hertogenbosch,Empty,2005.06.13,"$380,000",Mario Ancic,Grass,/en/scores/archive/s-hertogenbosch/440/2005/results,2005
36,Wimbledon,London,Empty,2005.06.20,"$8,616,793",Roger Federer,Grass,/en/scores/archive/wimbledon/540/2005/results,2005
37,Gstaad,Gstaad,Empty,2005.07.04,"$495,000",Gaston Gaudio,Clay,/en/scores/archive/gstaad/314/2005/results,2005
38,Bastad,Bastad,Empty,2005.07.04,"$380,000",Rafael Nadal,Clay,/en/scores/archive/bastad/316/2005/results,2005
39,Newport,Newport,Empty,2005.07.04,"$380,000",Greg Rusedski,Grass,/en/scores/archive/newport/315/2005/results,2005
40,Stuttgart,Stuttgart,Empty,2005.07.18,"$719,000",Rafael Nadal,Clay,/en/scores/archive/stuttgart/321/2005/results,2005
41,Indianapolis,Indianapolis,Empty,2005.07.18,"$600,000",Robby Ginepri,Hard,/en/scores/archive/indianapolis/419/2005/results,2005
42,Amersfoort,Amersfoort,Empty,2005.07.18,"$380,000",Fernando Gonzalez,Clay,/en/scores/archive/amersfoort/317/2005/results,2005
43,Kitzbuhel,Kitzbuhel,Empty,2005.07.25,"$760,000",Gaston Gaudio,Clay,/en/scores/archive/kitzbuhel/319/2005/results,2005
44,Umag,Umag,Empty,2005.07.25,"$400,000",Guillermo Coria,Clay,/en/scores/archive/umag/439/2005/results,2005
45,Los Angeles,Los Angeles,Empty,2005.07.25,"$380,000",Andre Agassi,Hard,/en/scores/archive/los-angeles/423/2005/results,2005
46,Washington,Washington,Empty,2005.08.01,"$600,000",Andy Roddick,Hard,/en/scores/archive/washington/418/2005/results,2005
47,Sopot,Sopot,Empty,2005.08.01,"$500,000",Gael Monfils,Clay,/en/scores/archive/sopot/475/2005/results,2005
48,ATP Masters 1000 Canada,Montreal,Empty,2005.08.08,"$2,450,000",Rafael Nadal,Hard,/en/scores/archive/montreal/421/2005/results,2005
49,ATP Masters 1000 Cincinnati,Cincinnati,Empty,2005.08.15,"$2,450,000",Roger Federer,Hard,/en/scores/archive/cincinnati/422/2005/results,2005
50,New Haven,New Haven,Empty,2005.08.22,"$675,000",James Blake,Hard,/en/scores/archive/new-haven/3348/2005/results,2005
51,US Open,New York,Empty,2005.08.29,"$8,200,000",Roger Federer,Hard,/en/scores/archive/us-open/560/2005/results,2005
52,Beijing,Beijing,Empty,2005.09.12,"$500,000",Rafael Nadal,Hard,/en/scores/archive/beijing/747/2005/results,2005
53,Bucharest,Bucharest,Empty,2005.09.12,"$380,000",Florent Serra,Clay,/en/scores/archive/bucharest/773/2005/results,2005
54,Bangkok,Bangkok,Empty,2005.09.26,"$550,000",Roger Federer,Hard,/en/scores/archive/bangkok/1720/2005/results,2005
55,Ho Chi Minh City,Ho Chi Minh City,Empty,2005.09.26,"$380,000",Jonas Bjorkman,Carpet,/en/scores/archive/ho-chi-minh-city/890/2005/results,2005
56,Palermo,Palermo,Empty,2005.09.26,"$380,000",Igor Andreev,Clay,/en/scores/archive/palermo/325/2005/results,2005
57,Tokyo,Tokyo,Empty,2005.10.03,"$765,000",Wesley Moodie,Hard,/en/scores/archive/tokyo/329/2005/results,2005
58,Metz,Metz,Empty,2005.10.03,"$380,000",Ivan Ljubicic,Hard,/en/scores/archive/metz/341/2005/results,2005
59,Moscow,Moscow,Empty,2005.10.10,"$1,000,000",Igor Andreev,Carpet,/en/scores/archive/moscow/438/2005/results,2005
60,Stockholm,Stockholm,Empty,2005.10.10,"$800,000",James Blake,Hard,/en/scores/archive/stockholm/429/2005/results,2005
61,Vienna,Vienna,Empty,2005.10.10,"$689,000",Ivan Ljubicic,Hard,/en/scores/archive/vienna/337/2005/results,2005
62,ATP Masters 1000 Madrid,Madrid,Empty,2005.10.17,"$2,450,000",Rafael Nadal,Hard,/en/scores/archive/madrid/1536/2005/results,2005
63,Basel,Basel,Empty,2005.10.24,"$1,000,000",Fernando Gonzalez,Carpet,/en/scores/archive/basel/328/2005/results,2005
64,St. Petersburg,St. Petersburg,Empty,2005.10.24,"$1,000,000",Thomas Johansson,Carpet,/en/scores/archive/st-petersburg/568/2005/results,2005
65,Lyon,Lyon,Empty,2005.10.24,"$800,000",Andy Roddick,Carpet,/en/scores/archive/lyon/7309/2005/results,2005
66,ATP Masters 1000 Paris,Paris,Empty,2005.10.31,"$2,450,000",Tomas Berdych,Carpet,/en/scores/archive/paris/352/2005/results,2005
67,Tennis Masters Cup,,Empty,2005.11.14,"$3,700,000",David Nalbandian,Carpet,/en/scores/archive/tennis-masters-cup/605/2005/results,2005
68,Doha,Doha,Empty,2006.01.02,"$1,000,000",Roger Federer,Hard,/en/scores/archive/doha/451/2006/results,2006
69,Adelaide,Adelaide,Empty,2006.01.02,"$419,000",Florent Serra,Hard,/en/scores/archive/adelaide/7308/2006/results,2006
70,Chennai,Chennai,Empty,2006.01.02,"$380,000",Ivan Ljubicic,Hard,/en/scores/archive/chennai/891/2006/results,2006
71,Auckland,Auckland,Empty,2006.01.09,"$430,000",Jarkko Nieminen,Hard,/en/scores/archive/auckland/301/2006/results,2006
72,Sydney,Sydney,Empty,2006.01.09,"$419,000",James Blake,Hard,/en/scores/archive/sydney/338/2006/results,2006
73,Australian Open,Melbourne,Empty,2006.01.16,"$6,784,589",Roger Federer,Hard,/en/scores/archive/australian-open/580/2006/results,2006
74,Delray Beach,Delray Beach,Empty,2006.01.30,"$380,000",Tommy Haas,Hard,/en/scores/archive/delray-beach/499/2006/results,2006
75,Viña del Mar,Vina Del Mar,Empty,2006.01.30,"$380,000",Jose Acasuso,Clay,/en/scores/archive/vina-del-mar/505/2006/results,2006
76,Zagreb,Zagreb,Empty,2006.01.30,"$380,000",Ivan Ljubicic,Carpet,/en/scores/archive/zagreb/2276/2006/results,2006
77,Marseille,Marseille,Empty,2006.02.13,"$600,000",Arnaud Clement,Hard,/en/scores/archive/marseille/496/2006/results,2006
78,Buenos Aires,Buenos Aires,Empty,2006.02.13,"$425,000",Carlos Moya,Clay,/en/scores/archive/buenos-aires/506/2006/results,2006
79,San Jose,San Jose,Empty,2006.02.13,"$380,000",Andy Murray,Hard,/en/scores/archive/san-jose/424/2006/results,2006
80,Rotterdam,Rotterdam,Empty,2006.02.20,"$925,000",Radek Stepanek,Hard,/en/scores/archive/rotterdam/407/2006/results,2006
81,Memphis,Memphis,Empty,2006.02.20,"$690,000",Tommy Haas,Hard,/en/scores/archive/memphis/402/2006/results,2006
82,Costa do Sauipe,Costa do Sauipe,Empty,2006.02.20,"$380,000",Nicolas Massu,Clay,/en/scores/archive/costa-do-sauipe/533/2006/results,2006
83,Dubai,Dubai,Empty,2006.02.27,"$1,000,000",Rafael Nadal,Hard,/en/scores/archive/dubai/495/2006/results,2006
84,Acapulco,Acapulco,Empty,2006.02.27,"$690,000",Luis Horna,Clay,/en/scores/archive/acapulco/807/2006/results,2006
85,Las Vegas,Las Vegas,Empty,2006.02.27,"$380,000",James Blake,Hard,/en/scores/archive/las-vegas/433/2006/results,2006
86,ATP Masters 1000 Indian Wells,Indian Wells,Empty,2006.03.06,"$3,169,600",Roger Federer,Hard,/en/scores/archive/indian-wells/404/2006/results,2006
87,ATP Masters 1000 Miami,Miami,Empty,2006.03.20,"$3,450,000",Roger Federer,Hard,/en/scores/archive/miami/403/2006/results,2006
88,Valencia,Valencia,Empty,2006.04.10,"$400,000",Nicolas Almagro,Clay,/en/scores/archive/valencia/573/2006/results,2006
89,Houston,Houston,Empty,2006.04.10,"$380,000",Mardy Fish,Clay,/en/scores/archive/houston/717/2006/results,2006
90,ATP Masters 1000 Monte Carlo,Monte Carlo,Empty,2006.04.17,"$2,450,000",Rafael Nadal,Clay,/en/scores/archive/monte-carlo/410/2006/results,2006
91,Barcelona,Barcelona,Empty,2006.04.24,"$1,000,000",Rafael Nadal,Clay,/en/scores/archive/barcelona/425/2006/results,2006
92,Casablanca,Casablanca,Empty,2006.04.24,"$380,000",Daniele Bracciali,Clay,/en/scores/archive/casablanca/360/2006/results,2006
93,Estoril,Estoril,Empty,2006.05.01,"$625,000",David Nalbandian,Clay,/en/scores/archive/estoril/468/2006/results,2006
94,Munich,Munich,Empty,2006.05.01,"$380,000",Olivier Rochus,Clay,/en/scores/archive/munich/308/2006/results,2006
95,ATP Masters 1000 Rome,Rome,Empty,2006.05.08,"$2,450,000",Rafael Nadal,Clay,/en/scores/archive/rome/416/2006/results,2006
96,ATP Masters 1000 Hamburg,Hamburg,Empty,2006.05.15,"$2,450,000",Tommy Robredo,Clay,/en/scores/archive/hamburg/414/2006/results,2006
97,World Team Championship,Dusseldorf,Empty,2006.05.22,"$1,764,706",Ivo Karlovic,Clay,/en/scores/archive/dusseldorf/615/2006/results,2006
98,Poertschach,Poertschach,Empty,2006.05.22,"$380,000",Nikolay Davydenko,Clay,/en/scores/archive/poertschach/306/2006/results,2006
99,Roland Garros,Paris,Empty,2006.05.29,"$8,543,691",Rafael Nadal,Clay,/en/scores/archive/roland-garros/520/2006/results,2006
100,Halle,Halle,Empty,2006.06.12,"$800,000",Roger Federer,Grass,/en/scores/archive/halle/500/2006/results,2006
101,London / Queen's Club,London,Empty,2006.06.12,"$800,000",Lleyton Hewitt,Grass,/en/scores/archive/london/311/2006/results,2006
102,Nottingham,Nottingham,Empty,2006.06.19,"$380,000",Richard Gasquet,Grass,/en/scores/archive/nottingham/741/2006/results,2006
103,'s-Hertogenbosch,s-Hertogenbosch,Empty,2006.06.19,"$380,000",Mario Ancic,Grass,/en/scores/archive/s-hertogenbosch/440/2006/results,2006
104,Wimbledon,London,Empty,2006.06.26,"$8,847,338",Roger Federer,Grass,/en/scores/archive/wimbledon/540/2006/results,2006
105,Gstaad,Gstaad,Empty,2006.07.10,"$495,000",Richard Gasquet,Clay,/en/scores/archive/gstaad/314/2006/results,2006
106,Bastad,Bastad,Empty,2006.07.10,"$380,000",Tommy Robredo,Clay,/en/scores/archive/bastad/316/2006/results,2006
107,Newport,Newport,Empty,2006.07.10,"$380,000",Mark Philippoussis,Grass,/en/scores/archive/newport/315/2006/results,2006
108,Stuttgart,Stuttgart,Empty,2006.07.17,"$690,000",David Ferrer,Clay,/en/scores/archive/stuttgart/321/2006/results,2006
109,Indianapolis,Indianapolis,Empty,2006.07.17,"$600,000",James Blake,Hard,/en/scores/archive/indianapolis/419/2006/results,2006
110,Amersfoort,Amersfoort,Empty,2006.07.17,"$380,000",Novak Djokovic,Clay,/en/scores/archive/amersfoort/317/2006/results,2006
111,Kitzbuhel,Kitzbuhel,Empty,2006.07.24,"$760,000",Agustin Calleri,Clay,/en/scores/archive/kitzbuhel/319/2006/results,2006
112,Los Angeles,Los Angeles,Empty,2006.07.24,"$500,000",Tommy Haas,Hard,/en/scores/archive/los-angeles/423/2006/results,2006
113,Umag,Umag,Empty,2006.07.24,"$400,000",Stan Wawrinka,Clay,/en/scores/archive/umag/439/2006/results,2006
114,Washington,Washington,Empty,2006.07.31,"$600,000",Arnaud Clement,Hard,/en/scores/archive/washington/418/2006/results,2006
115,Sopot,Sopot,Empty,2006.07.31,"$500,000",Nikolay Davydenko,Clay,/en/scores/archive/sopot/475/2006/results,2006
116,ATP Masters 1000 Canada,Toronto,Empty,2006.08.07,"$2,450,000",Roger Federer,Hard,/en/scores/archive/toronto/421/2006/results,2006
117,ATP Masters 1000 Cincinnati,Cincinnati,Empty,2006.08.14,"$2,450,000",Andy Roddick,Hard,/en/scores/archive/cincinnati/422/2006/results,2006
118,New Haven,New Haven,Empty,2006.08.21,"$675,000",Nikolay Davydenko,Hard,/en/scores/archive/new-haven/3348/2006/results,2006
119,US Open,New York,Empty,2006.08.28,"$8,332,000",Roger Federer,Hard,/en/scores/archive/us-open/560/2006/results,2006
120,Beijing,Beijing,Empty,2006.09.11,"$500,000",Marcos Baghdatis,Hard,/en/scores/archive/beijing/747/2006/results,2006
121,Bucharest,Bucharest,Empty,2006.09.11,"$380,000",Jurgen Melzer,Clay,/en/scores/archive/bucharest/773/2006/results,2006
122,Bangkok,Bangkok,Empty,2006.09.25,"$550,000",James Blake,Hard,/en/scores/archive/bangkok/1720/2006/results,2006
123,Mumbai,Mumbai,Empty,2006.09.25,"$380,000",Dmitry Tursunov,Hard,/en/scores/archive/mumbai/3465/2006/results,2006
124,Palermo,Palermo,Empty,2006.09.25,"$380,000",Filippo Volandri,Clay,/en/scores/archive/palermo/325/2006/results,2006
125,Tokyo,Tokyo,Empty,2006.10.02,"$765,000",Roger Federer,Hard,/en/scores/archive/tokyo/329/2006/results,2006
126,Metz,Metz,Empty,2006.10.02,"$380,000",Novak Djokovic,Hard,/en/scores/archive/metz/341/2006/results,2006
127,Moscow,Moscow,Empty,2006.10.09,"$1,000,000",Nikolay Davydenko,Carpet,/en/scores/archive/moscow/438/2006/results,2006
128,Stockholm,Stockholm,Empty,2006.10.09,"$800,000",James Blake,Hard,/en/scores/archive/stockholm/429/2006/results,2006
129,Vienna,Vienna,Empty,2006.10.09,"$690,000",Ivan Ljubicic,Hard,/en/scores/archive/vienna/337/2006/results,2006
130,ATP Masters 1000 Madrid,Madrid,Empty,2006.10.16,"$2,450,000",Roger Federer,Hard,/en/scores/archive/madrid/1536/2006/results,2006
131,Basel,Basel,Empty,2006.10.23,"$1,000,000",Roger Federer,Carpet,/en/scores/archive/basel/328/2006/results,2006
132,St. Petersburg,St. Petersburg,Empty,2006.10.23,"$1,000,000",Mario Ancic,Carpet,/en/scores/archive/st-petersburg/568/2006/results,2006
133,Lyon,Lyon,Empty,2006.10.23,"$800,000",Richard Gasquet,Carpet,/en/scores/archive/lyon/7309/2006/results,2006
134,ATP Masters 1000 Paris,Paris,Empty,2006.10.30,"$2,450,000",Nikolay Davydenko,Carpet,/en/scores/archive/paris/352/2006/results,2006
135,Tennis Masters Cup,,Empty,2006.11.13,"$3,700,000",Roger Federer,Hard,/en/scores/archive/tennis-masters-cup/605/2006/results,2006
136,Doha,Doha,Empty,2007.01.01,"$1,000,000",Ivan Ljubicic,Hard,/en/scores/archive/doha/451/2007/results,2007
137,Adelaide,Adelaide,Empty,2007.01.01,"$436,000",Novak Djokovic,Hard,/en/scores/archive/adelaide/7308/2007/results,2007
138,Chennai,Chennai,Empty,2007.01.01,"$416,000",Xavier Malisse,Hard,/en/scores/archive/chennai/891/2007/results,2007
139,Sydney,Sydney,Empty,2007.01.08,"$436,000",James Blake,Hard,/en/scores/archive/sydney/338/2007/results,2007
140,Auckland,Auckland,Empty,2007.01.08,"$416,000",David Ferrer,Hard,/en/scores/archive/auckland/301/2007/results,2007
141,Australian Open,Melbourne,Empty,2007.01.15,"$7,297,052",Roger Federer,Hard,/en/scores/archive/australian-open/580/2007/results,2007
142,Delray Beach,Delray Beach,Empty,2007.01.28,"$416,000",Xavier Malisse,Hard,/en/scores/archive/delray-beach/499/2007/results,2007
143,Viña del Mar,Vina Del Mar,Empty,2007.01.29,"$448,000",Luis Horna,Clay,/en/scores/archive/vina-del-mar/505/2007/results,2007
144,Zagreb,Zagreb,Empty,2007.01.29,"$416,000",Marcos Baghdatis,Carpet,/en/scores/archive/zagreb/2276/2007/results,2007
145,Marseille,Marseille,Empty,2007.02.12,"$600,000",Gilles Simon,Hard,/en/scores/archive/marseille/496/2007/results,2007
146,Costa do Sauipe,Costa do Sauipe,Empty,2007.02.12,"$456,000",Guillermo Canas,Clay,/en/scores/archive/costa-do-sauipe/533/2007/results,2007
147,San Jose,San Jose,Empty,2007.02.12,"$416,000",Andy Murray,Hard,/en/scores/archive/san-jose/424/2007/results,2007
148,Rotterdam,Rotterdam,Empty,2007.02.19,"$925,000",Mikhail Youzhny,Hard,/en/scores/archive/rotterdam/407/2007/results,2007
149,Memphis,Memphis,Empty,2007.02.19,"$757,000",Tommy Haas,Hard,/en/scores/archive/memphis/402/2007/results,2007
150,Buenos Aires,Buenos Aires,Empty,2007.02.19,"$445,000",Juan Monaco,Clay,/en/scores/archive/buenos-aires/506/2007/results,2007
151,Dubai,Dubai,Empty,2007.02.26,"$1,426,250",Roger Federer,Hard,/en/scores/archive/dubai/495/2007/results,2007
152,Acapulco,Acapulco,Empty,2007.02.26,"$757,000",Juan Ignacio Chela,Clay,/en/scores/archive/acapulco/807/2007/results,2007
153,Las Vegas,Las Vegas,Empty,2007.02.26,"$416,000",Lleyton Hewitt,Hard,/en/scores/archive/las-vegas/433/2007/results,2007
154,ATP Masters 1000 Indian Wells,Indian Wells,Empty,2007.03.05,"$3,285,000",Rafael Nadal,Hard,/en/scores/archive/indian-wells/404/2007/results,2007
155,ATP Masters 1000 Miami,Miami,Empty,2007.03.19,"$3,450,000",Novak Djokovic,Hard,/en/scores/archive/miami/403/2007/results,2007
156,Houston,Houston,Empty,2007.04.09,"$416,000",Ivo Karlovic,Clay,/en/scores/archive/houston/717/2007/results,2007
157,Valencia,Valencia,Empty,2007.04.09,"$416,000",Nicolas Almagro,Clay,/en/scores/archive/valencia/573/2007/results,2007
158,ATP Masters 1000 Monte Carlo,Monte Carlo,Empty,2007.04.15,"$2,450,000",Rafael Nadal,Clay,/en/scores/archive/monte-carlo/410/2007/results,2007
159,Barcelona,Barcelona,Empty,2007.04.23,"$1,000,000",Rafael Nadal,Clay,/en/scores/archive/barcelona/425/2007/results,2007
160,Casablanca,Casablanca,Empty,2007.04.23,"$416,000",Paul-Henri Mathieu,Clay,/en/scores/archive/casablanca/360/2007/results,2007
161,Estoril,Estoril,Empty,2007.04.29,"$625,000",Novak Djokovic,Clay,/en/scores/archive/estoril/468/2007/results,2007
162,Munich,Munich,Empty,2007.04.30,"$416,000",Philipp Kohlschreiber,Clay,/en/scores/archive/munich/308/2007/results,2007
163,ATP Masters 1000 Rome,Rome,Empty,2007.05.07,"$2,450,000",Rafael Nadal,Clay,/en/scores/archive/rome/416/2007/results,2007
164,ATP Masters 1000 Hamburg,Hamburg,Empty,2007.05.14,"$2,450,000",Roger Federer,Clay,/en/scores/archive/hamburg/414/2007/results,2007
165,World Team Championship,Dusseldorf,Empty,2007.05.20,"$1,680,500",Agustin Calleri,Clay,/en/scores/archive/dusseldorf/615/2007/results,2007
166,Poertschach,Poertschach,Empty,2007.05.20,"$416,000",Juan Monaco,Clay,/en/scores/archive/poertschach/306/2007/results,2007
167,Roland Garros,Paris,Empty,2007.05.28,"$9,334,932",Rafael Nadal,Clay,/en/scores/archive/roland-garros/520/2007/results,2007
168,Halle,Halle,Empty,2007.06.11,"$800,000",Tomas Berdych,Grass,/en/scores/archive/halle/500/2007/results,2007
169,London / Queen's Club,London,Empty,2007.06.11,"$800,000",Andy Roddick,Grass,/en/scores/archive/london/311/2007/results,2007
170,'s-Hertogenbosch,s-Hertogenbosch,Empty,2007.06.17,"$416,000",Ivan Ljubicic,Grass,/en/scores/archive/s-hertogenbosch/440/2007/results,2007
171,Nottingham,Nottingham,Empty,2007.06.18,"$416,000",Ivo Karlovic,Grass,/en/scores/archive/nottingham/741/2007/results,2007
172,Wimbledon,London,Empty,2007.06.25,"$10,039,193",Roger Federer,Grass,/en/scores/archive/wimbledon/540/2007/results,2007
173,Gstaad,Gstaad,Empty,2007.07.09,"$496,000",Paul-Henri Mathieu,Clay,/en/scores/archive/gstaad/314/2007/results,2007
174,Bastad,Bastad,Empty,2007.07.09,"$416,000",David Ferrer,Clay,/en/scores/archive/bastad/316/2007/results,2007
175,Newport,Newport,Empty,2007.07.09,"$416,000",Fabrice Santoro,Grass,/en/scores/archive/newport/315/2007/results,2007
176,Stuttgart,Stuttgart,Empty,2007.07.16,"$757,000",Rafael Nadal,Clay,/en/scores/archive/stuttgart/321/2007/results,2007
177,Los Angeles,Los Angeles,Empty,2007.07.16,"$525,000",Radek Stepanek,Hard,/en/scores/archive/los-angeles/423/2007/results,2007
178,Amersfoort,Amersfoort,Empty,2007.07.16,"$416,000",Steve Darcis,Clay,/en/scores/archive/amersfoort/317/2007/results,2007
179,Kitzbuhel,Kitzbuhel,Empty,2007.07.23,"$735,000",Juan Monaco,Clay,/en/scores/archive/kitzbuhel/319/2007/results,2007
180,Indianapolis,Indianapolis,Empty,2007.07.23,"$525,000",Dmitry Tursunov,Hard,/en/scores/archive/indianapolis/419/2007/results,2007
181,Umag,Umag,Empty,2007.07.23,"$416,000",Carlos Moya,Clay,/en/scores/archive/umag/439/2007/results,2007
182,Washington,Washington,Empty,2007.07.29,"$600,000",Andy Roddick,Hard,/en/scores/archive/washington/418/2007/results,2007
183,Sopot,Sopot,Empty,2007.07.30,"$500,000",Tommy Robredo,Clay,/en/scores/archive/sopot/475/2007/results,2007
184,ATP Masters 1000 Canada,Montreal,Empty,2007.08.05,"$2,450,000",Novak Djokovic,Hard,/en/scores/archive/montreal/421/2007/results,2007
185,ATP Masters 1000 Cincinnati,Cincinnati,Empty,2007.08.13,"$2,450,000",Roger Federer,Hard,/en/scores/archive/cincinnati/422/2007/results,2007
186,New Haven,New Haven,Empty,2007.08.19,"$675,000",James Blake,Hard,/en/scores/archive/new-haven/3348/2007/results,2007
187,US Open,New York,Empty,2007.08.27,"$8,848,000",Roger Federer,Hard,/en/scores/archive/us-open/560/2007/results,2007
188,Beijing,Beijing,Empty,2007.09.10,"$500,000",Fernando Gonzalez,Hard,/en/scores/archive/beijing/747/2007/results,2007
189,Bucharest,Bucharest,Empty,2007.09.10,"$416,000",Gilles Simon,Clay,/en/scores/archive/bucharest/773/2007/results,2007
190,Bangkok,Bangkok,Empty,2007.09.24,"$550,000",Dmitry Tursunov,Hard,/en/scores/archive/bangkok/1720/2007/results,2007
191,Mumbai,Mumbai,Empty,2007.09.24,"$416,000",Richard Gasquet,Hard,/en/scores/archive/mumbai/3465/2007/results,2007
192,Tokyo,Tokyo,Empty,2007.10.01,"$832,000",David Ferrer,Hard,/en/scores/archive/tokyo/329/2007/results,2007
193,Metz,Metz,Empty,2007.10.01,"$416,000",Tommy Robredo,Hard,/en/scores/archive/metz/341/2007/results,2007
194,Stockholm,Stockholm,Empty,2007.10.07,"$800,000",Ivo Karlovic,Hard,/en/scores/archive/stockholm/429/2007/results,2007
195,Vienna,Vienna,Empty,2007.10.07,"$757,000",Novak Djokovic,Hard,/en/scores/archive/vienna/337/2007/results,2007
196,Moscow,Moscow,Empty,2007.10.08,"$1,000,000",Nikolay Davydenko,Hard,/en/scores/archive/moscow/438/2007/results,2007
197,ATP Masters 1000 Madrid,Madrid,Empty,2007.10.15,"$2,450,000",David Nalbandian,Hard,/en/scores/archive/madrid/1536/2007/results,2007
198,Basel,Basel,Empty,2007.10.22,"$1,000,000",Roger Federer,Hard,/en/scores/archive/basel/328/2007/results,2007
199,St. Petersburg,St. Petersburg,Empty,2007.10.22,"$1,000,000",Andy Murray,Carpet,/en/scores/archive/st-petersburg/568/2007/results,2007
200,Lyon,Lyon,Empty,2007.10.22,"$800,000",Sebastien Grosjean,Carpet,/en/scores/archive/lyon/7309/2007/results,2007
201,ATP Masters 1000 Paris,Paris,Empty,2007.10.28,"$2,450,000",David Nalbandian,Hard,/en/scores/archive/paris/352/2007/results,2007
202,Tennis Masters Cup,,Empty,2007.11.12,"$3,800,000",Roger Federer,Hard,/en/scores/archive/tennis-masters-cup/605/2007/results,2007
203,Doha,Doha,Empty,2007.12.31,"$1,049,000",Andy Murray,Hard,/en/scores/archive/doha/451/2008/results,2008
204,Adelaide,Adelaide,Empty,2007.12.31,"$465,000",Michael Llodra,Hard,/en/scores/archive/adelaide/7308/2008/results,2008
205,Chennai,Chennai,Empty,2007.12.31,"$436,000",Mikhail Youzhny,Hard,/en/scores/archive/chennai/891/2008/results,2008
206,Sydney,Sydney,Empty,2008.01.07,"$465,000",Dmitry Tursunov,Hard,/en/scores/archive/sydney/338/2008/results,2008
207,Auckland,Auckland,Empty,2008.01.07,"$464,000",Philipp Kohlschreiber,Hard,/en/scores/archive/auckland/301/2008/results,2008
208,Australian Open,Melbourne,Empty,2008.01.14,"A$9,609,870",Novak Djokovic,Hard,/en/scores/archive/australian-open/580/2008/results,2008
209,Viña del Mar,Vina Del Mar,Empty,2008.01.28,"$462,000",Fernando Gonzalez,Clay,/en/scores/archive/vina-del-mar/505/2008/results,2008
210,Marseille,Marseille,Empty,2008.02.11,"€534,000",Andy Murray,Hard,/en/scores/archive/marseille/496/2008/results,2008
211,Costa do Sauipe,Costa do Sauipe,Empty,2008.02.11,"$485,000",Nicolas Almagro,Clay,/en/scores/archive/costa-do-sauipe/533/2008/results,2008
212,Delray Beach,Delray Beach,Empty,2008.02.11,"$436,000",Kei Nishikori,Hard,/en/scores/archive/delray-beach/499/2008/results,2008
213,Rotterdam,Rotterdam,Empty,2008.02.18,"€824,000",Michael Llodra,Hard,/en/scores/archive/rotterdam/407/2008/results,2008
214,Buenos Aires,Buenos Aires,Empty,2008.02.18,"$466,000",David Nalbandian,Clay,/en/scores/archive/buenos-aires/506/2008/results,2008
215,San Jose,San Jose,Empty,2008.02.18,"$436,000",Andy Roddick,Hard,/en/scores/archive/san-jose/424/2008/results,2008
216,Acapulco,Acapulco,Empty,2008.02.25,"$794,000",Nicolas Almagro,Clay,/en/scores/archive/acapulco/807/2008/results,2008
217,Memphis,Memphis,Empty,2008.02.25,"$769,000",Steve Darcis,Hard,/en/scores/archive/memphis/402/2008/results,2008
218,Zagreb,Zagreb,Empty,2008.02.25,"€370,000",Sergiy Stakhovsky,Hard,/en/scores/archive/zagreb/2276/2008/results,2008
219,Dubai,Dubai,Empty,2008.03.03,"$1,426,000",Andy Roddick,Hard,/en/scores/archive/dubai/495/2008/results,2008
220,Las Vegas,Las Vegas,Empty,2008.03.03,"$436,000",Sam Querrey,Hard,/en/scores/archive/las-vegas/433/2008/results,2008
221,ATP Masters 1000 Indian Wells,Indian Wells,Empty,2008.03.13,"$3,677,245",Novak Djokovic,Hard,/en/scores/archive/indian-wells/404/2008/results,2008
222,ATP Masters 1000 Miami,Miami,Empty,2008.03.27,"$3,770,000",Nikolay Davydenko,Hard,/en/scores/archive/miami/403/2008/results,2008
223,Houston,Houston,Empty,2008.04.14,"$436,000",Marcel Granollers,Clay,/en/scores/archive/houston/717/2008/results,2008
224,Estoril,Estoril,Empty,2008.04.14,"€370,000",Roger Federer,Clay,/en/scores/archive/estoril/468/2008/results,2008
225,Valencia,Valencia,Empty,2008.04.14,"€370,000",David Ferrer,Clay,/en/scores/archive/valencia/573/2008/results,2008
226,ATP Masters 1000 Monte Carlo,Monte Carlo,Empty,2008.04.20,"€2,270,000",Rafael Nadal,Clay,/en/scores/archive/monte-carlo/410/2008/results,2008
227,Barcelona,Barcelona,Empty,2008.04.28,"€824,000",Rafael Nadal,Clay,/en/scores/archive/barcelona/425/2008/results,2008
228,Munich,Munich,Empty,2008.04.28,"€370,000",Fernando Gonzalez,Clay,/en/scores/archive/munich/308/2008/results,2008
229,ATP Masters 1000 Rome,Rome,Empty,2008.05.05,"€2,270,000",Novak Djokovic,Clay,/en/scores/archive/rome/416/2008/results,2008
230,ATP Masters 1000 Hamburg,Hamburg,Empty,2008.05.11,"€2,270,000",Rafael Nadal,Clay,/en/scores/archive/hamburg/414/2008/results,2008
231,World Team Championship,Dusseldorf,Empty,2008.05.18,"€1,692,000",Igor Andreev,Clay,/en/scores/archive/dusseldorf/615/2008/results,2008
232,Casablanca,Casablanca,Empty,2008.05.18,"€370,000",Gilles Simon,Clay,/en/scores/archive/casablanca/360/2008/results,2008
233,Poertschach,Poertschach,Empty,2008.05.18,"€370,000",Nikolay Davydenko,Clay,/en/scores/archive/poertschach/306/2008/results,2008
234,Roland Garros,Paris,Empty,2008.05.25,"€7,077,680",Rafael Nadal,Clay,/en/scores/archive/roland-garros/520/2008/results,2008
235,Halle,Halle,Empty,2008.06.09,"€713,000",Roger Federer,Grass,/en/scores/archive/halle/500/2008/results,2008
236,London / Queen's Club,London,Empty,2008.06.09,"€713,000",Rafael Nadal,Grass,/en/scores/archive/london/311/2008/results,2008
237,Warsaw,Warsaw,Empty,2008.06.09,"€425,000",Nikolay Davydenko,Clay,/en/scores/archive/warsaw/475/2008/results,2008
238,s-Hertogenbosch,s-Hertogenbosch,Empty,2008.06.15,"€370,000",David Ferrer,Grass,/en/scores/archive/s-hertogenbosch/440/2008/results,2008
239,Nottingham,Nottingham,Empty,2008.06.16,"€370,000",Ivo Karlovic,Grass,/en/scores/archive/nottingham/741/2008/results,2008
240,Wimbledon,London,Empty,2008.06.23,"£5,257,000",Rafael Nadal,Grass,/en/scores/archive/wimbledon/540/2008/results,2008
241,Stuttgart,Stuttgart,Empty,2008.07.07,"€568,000",Juan Martin del Potro,Clay,/en/scores/archive/stuttgart/321/2008/results,2008
242,Gstaad,Gstaad,Empty,2008.07.07,"€389,000",Victor Hanescu,Clay,/en/scores/archive/gstaad/314/2008/results,2008
243,Newport,Newport,Empty,2008.07.07,"$385,000",Fabrice Santoro,Grass,/en/scores/archive/newport/315/2008/results,2008
244,Bastad,Bastad,Empty,2008.07.07,"€326,000",Tommy Robredo,Clay,/en/scores/archive/bastad/316/2008/results,2008
245,Kitzbühel,Kitzbhel,Empty,2008.07.14,"€571,000",Juan Martin del Potro,Clay,/en/scores/archive/kitzbhel/319/2008/results,2008
246,Indianapolis,Indianapolis,Empty,2008.07.14,"$525,000",Gilles Simon,Hard,/en/scores/archive/indianapolis/419/2008/results,2008
247,Amersfoort,Amersfoort,Empty,2008.07.14,"€326,000",Albert Montanes,Clay,/en/scores/archive/amersfoort/317/2008/results,2008
248,Umag,Umag,Empty,2008.07.14,"€326,000",Fernando Verdasco,Clay,/en/scores/archive/umag/439/2008/results,2008
249,ATP Masters 1000 Canada,Toronto,Empty,2008.07.21,"$2,615,000",Rafael Nadal,Hard,/en/scores/archive/toronto/421/2008/results,2008
250,ATP Masters 1000 Cincinnati,Cincinnati,Empty,2008.07.28,"$2,615,000",Andy Murray,Hard,/en/scores/archive/cincinnati/422/2008/results,2008
251,Los Angeles,Los Angeles,Empty,2008.08.04,"$475,000",Juan Martin del Potro,Hard,/en/scores/archive/los-angeles/423/2008/results,2008
252,Washington,Washington,Empty,2008.08.10,"$508,000",Juan Martin del Potro,Hard,/en/scores/archive/washington/418/2008/results,2008
253,New Haven,New Haven,Empty,2008.08.17,"$708,000",Marin Cilic,Hard,/en/scores/archive/new-haven/3348/2008/results,2008
254,US Open,New York,Empty,2008.08.25,"$9,350,000",Roger Federer,Hard,/en/scores/archive/us-open/560/2008/results,2008
255,Bucharest,Bucharest,Empty,2008.09.08,"€370,000",Gilles Simon,Clay,/en/scores/archive/bucharest/773/2008/results,2008
256,Bangkok,Bangkok,Empty,2008.09.22,"$576,000",Jo-Wilfried Tsonga,Hard,/en/scores/archive/bangkok/1720/2008/results,2008
257,Beijing,Beijing,Empty,2008.09.22,"$524,000",Andy Roddick,Hard,/en/scores/archive/beijing/747/2008/results,2008
258,Tokyo,Tokyo,Empty,2008.09.29,"$869,000",Tomas Berdych,Hard,/en/scores/archive/tokyo/329/2008/results,2008
259,Metz,Metz,Empty,2008.09.29,"€370,000",Dmitry Tursunov,Hard,/en/scores/archive/metz/341/2008/results,2008
260,Moscow,Moscow,Empty,2008.10.06,"$1,049,000",Igor Kunitsyn,Hard,/en/scores/archive/moscow/438/2008/results,2008
261,Stockholm,Stockholm,Empty,2008.10.06,"€713,000",David Nalbandian,Hard,/en/scores/archive/stockholm/429/2008/results,2008
262,Vienna,Vienna,Empty,2008.10.06,"€674,000",Philipp Petzschner,Hard,/en/scores/archive/vienna/337/2008/results,2008
263,ATP Masters 1000 Madrid,Madrid,Empty,2008.10.12,"€2,270,000",Andy Murray,Hard,/en/scores/archive/madrid/1536/2008/results,2008
264,St. Petersburg,St. Petersburg,Empty,2008.10.20,"$1,049,000",Andy Murray,Hard,/en/scores/archive/st-petersburg/568/2008/results,2008
265,Basel,Basel,Empty,2008.10.20,"€891,000",Roger Federer,Hard,/en/scores/archive/basel/328/2008/results,2008
266,Lyon,Lyon,Empty,2008.10.20,"€713,000",Robin Soderling,Carpet,/en/scores/archive/lyon/7309/2008/results,2008
267,ATP Masters 1000 Paris,Paris,Empty,2008.10.26,"€2,270,000",Jo-Wilfried Tsonga,Hard,/en/scores/archive/paris/352/2008/results,2008
268,Tennis Masters Cup,,Empty,2008.11.09,"$3,800,000",Novak Djokovic,Hard,/en/scores/archive/tennis-masters-cup/605/2008/results,2008
269,Brisbane,Brisbane,Empty,2009.01.04,"$484,750",Radek Stepanek,Hard,/en/scores/archive/brisbane/339/2009/results,2009
270,Doha,Doha,Empty,2009.01.05,"$1,110,250",Andy Murray,Hard,/en/scores/archive/doha/451/2009/results,2009
271,Chennai,Chennai,Empty,2009.01.05,"$450,000",Marin Cilic,Hard,/en/scores/archive/chennai/891/2009/results,2009
272,Sydney,Sydney,Empty,2009.01.12,"$484,750",David Nalbandian,Hard,/en/scores/archive/sydney/338/2009/results,2009
273,Auckland,Auckland,Empty,2009.01.12,"$480,750",Juan Martin del Potro,Hard,/en/scores/archive/auckland/301/2009/results,2009
274,Australian Open,Melbourne,Empty,2009.01.19,"A$10,712,240",Rafael Nadal,Hard,/en/scores/archive/australian-open/580/2009/results,2009
275,Johannesburg,Johannesburg,Empty,2009.02.02,"$500,000",Jo-Wilfried Tsonga,Hard,/en/scores/archive/johannesburg/5012/2009/results,2009
276,Viña del Mar,Vina Del Mar,Empty,2009.02.02,"$496,750",Fernando Gonzalez,Clay,/en/scores/archive/vina-del-mar/505/2009/results,2009
277,Zagreb,Zagreb,Empty,2009.02.02,"€450,000",Marin Cilic,Hard,/en/scores/archive/zagreb/2276/2009/results,2009
278,Rotterdam,Rotterdam,Empty,2009.02.09,"€1,445,000",Andy Murray,Hard,/en/scores/archive/rotterdam/407/2009/results,2009
279,San Jose,San Jose,Empty,2009.02.09,"$600,000",Radek Stepanek,Hard,/en/scores/archive/san-jose/424/2009/results,2009
280,Costa do Sauipe,Costa do Sauipe,Empty,2009.02.09,"$562,500",Tommy Robredo,Clay,/en/scores/archive/costa-do-sauipe/533/2009/results,2009
281,Memphis,Memphis,Empty,2009.02.16,"$1,226,500",Andy Roddick,Hard,/en/scores/archive/memphis/402/2009/results,2009
282,Buenos Aires,Buenos Aires,Empty,2009.02.16,"$600,000",Tommy Robredo,Clay,/en/scores/archive/buenos-aires/506/2009/results,2009
283,Marseille,Marseille,Empty,2009.02.16,"€576,000",Jo-Wilfried Tsonga,Hard,/en/scores/archive/marseille/496/2009/results,2009
284,Dubai,Dubai,Empty,2009.02.23,"$2,233,000",Novak Djokovic,Hard,/en/scores/archive/dubai/495/2009/results,2009
285,Acapulco,Acapulco,Mexico,2009.02.23,"$1,226,500",Nicolas Almagro,Clay,/en/scores/archive/acapulco/807/2009/results,2009
286,Delray Beach,Delray Beach,Empty,2009.02.23,"$500,000",Mardy Fish,Hard,/en/scores/archive/delray-beach/499/2009/results,2009
287,ATP Masters 1000 Indian Wells,Indian Wells,Empty,2009.03.12,"$4,615,170",Rafael Nadal,Hard,/en/scores/archive/indian-wells/404/2009/results,2009
288,ATP Masters 1000 Miami,Miami,Empty,2009.03.25,"$4,500,000",Andy Murray,Hard,/en/scores/archive/miami/403/2009/results,2009
289,Houston,Houston,Empty,2009.04.06,"$500,000",Lleyton Hewitt,Clay,/en/scores/archive/houston/717/2009/results,2009
290,Casablanca,Casablanca,Empty,2009.04.06,"€450,000",Juan Carlos Ferrero,Clay,/en/scores/archive/casablanca/360/2009/results,2009
291,ATP Masters 1000 Monte Carlo,Monte Carlo,Empty,2009.04.12,"€2,750,000",Rafael Nadal,Clay,/en/scores/archive/monte-carlo/410/2009/results,2009
292,Barcelona,Barcelona,Empty,2009.04.20,"€1,995,000",Rafael Nadal,Clay,/en/scores/archive/barcelona/425/2009/results,2009
293,ATP Masters 1000 Rome,Rome,Empty,2009.04.27,"€2,750,000",Rafael Nadal,Clay,/en/scores/archive/rome/416/2009/results,2009
294,Estoril,Estoril,Empty,2009.05.03,"€450,000",Albert Montanes,Clay,/en/scores/archive/estoril/468/2009/results,2009
295,Munich,Munich,Empty,2009.05.03,"€450,000",Tomas Berdych,Clay,/en/scores/archive/munich/308/2009/results,2009
296,Belgrade,Belgrade,Empty,2009.05.04,"€450,000",Novak Djokovic,Clay,/en/scores/archive/belgrade/5053/2009/results,2009
297,ATP Masters 1000 Madrid,Madrid,Empty,2009.05.10,"€3,700,000",Roger Federer,Clay,/en/scores/archive/madrid/1536/2009/results,2009
298,World Team Championship,Dusseldorf,Empty,2009.05.17,"€1,366,000",Viktor Troicki,Clay,/en/scores/archive/dusseldorf/615/2009/results,2009
299,Kitzbühel,Kitzbuhel,Empty,2009.05.17,"€450,000",Guillermo Garcia-Lopez,Clay,/en/scores/archive/kitzbuhel/319/2009/results,2009
300,Roland Garros,Paris,Empty,2009.05.25,"€7,322,320",Roger Federer,Clay,/en/scores/archive/roland-garros/520/2009/results,2009
301,Halle,Halle,Empty,2009.06.08,"€750,000",Tommy Haas,Grass,/en/scores/archive/halle/500/2009/results,2009
302,London / Queen's Club,London,Empty,2009.06.08,"€750,000",Andy Murray,Grass,/en/scores/archive/london/311/2009/results,2009
303,Eastbourne,Eastbourne,Empty,2009.06.14,"€450,000",Dmitry Tursunov,Grass,/en/scores/archive/eastbourne/741/2009/results,2009
304,s-Hertogenbosch,s-Hertogenbosch,Empty,2009.06.14,"€450,000",Benjamin Becker,Grass,/en/scores/archive/s-hertogenbosch/440/2009/results,2009
305,Wimbledon,London,Empty,2009.06.22,"£5,616,600",Roger Federer,Grass,/en/scores/archive/wimbledon/540/2009/results,2009
306,Newport,Newport,Empty,2009.07.06,"$500,000",Rajeev Ram,Grass,/en/scores/archive/newport/315/2009/results,2009
307,Bastad,Bastad,Empty,2009.07.13,"€450,000",Robin Soderling,Clay,/en/scores/archive/bastad/316/2009/results,2009
308,Stuttgart,Stuttgart,Empty,2009.07.13,"€450,000",Jeremy Chardy,Clay,/en/scores/archive/stuttgart/321/2009/results,2009
309,Hamburg,Hamburg,Empty,2009.07.19,"€1,115,000",Nikolay Davydenko,Clay,/en/scores/archive/hamburg/414/2009/results,2009
310,Indianapolis,Indianapolis,Empty,2009.07.19,"$519,000",Robby Ginepri,Hard,/en/scores/archive/indianapolis/419/2009/results,2009
311,Gstaad,Gstaad,Empty,2009.07.26,"€450,000",Thomaz Bellucci,Clay,/en/scores/archive/gstaad/314/2009/results,2009
312,Los Angeles,Los Angeles,Empty,2009.07.27,"$630,500",Sam Querrey,Hard,/en/scores/archive/los-angeles/423/2009/results,2009
313,Umag,Umag,Empty,2009.07.27,"€450,000",Nikolay Davydenko,Clay,/en/scores/archive/umag/439/2009/results,2009
314,Washington,Washington,Empty,2009.08.02,"$1,402,000",Juan Martin del Potro,Hard,/en/scores/archive/washington/418/2009/results,2009
315,ATP Masters 1000 Canada,Montreal,Empty,2009.08.10,"$3,000,000",Andy Murray,Hard,/en/scores/archive/montreal/421/2009/results,2009
316,ATP Masters 1000 Cincinnati,Cincinnati,Empty,2009.08.16,"$3,000,000",Roger Federer,Hard,/en/scores/archive/cincinnati/422/2009/results,2009
317,New Haven,New Haven,Empty,2009.08.23,"$750,000",Fernando Verdasco,Hard,/en/scores/archive/new-haven/3348/2009/results,2009
318,US Open,New York,Empty,2009.08.31,"$9,756,000",Juan Martin del Potro,Hard,/en/scores/archive/us-open/560/2009/results,2009
319,Bucharest,Bucharest,Romania,2009.09.21,"€450,000",Albert Montanes,Clay,/en/scores/archive/bucharest/773/2009/results,2009
320,Metz,Metz,Empty,2009.09.21,"€450,000",Gael Monfils,Hard,/en/scores/archive/metz/341/2009/results,2009
321,Kuala Lumpur,Kuala Lumpur,Empty,2009.09.28,"$947,750",Nikolay Davydenko,Hard,/en/scores/archive/kuala-lumpur/6003/2009/results,2009
322,Bangkok,Bangkok,Empty,2009.09.28,"$608,500",Gilles Simon,Hard,/en/scores/archive/bangkok/1720/2009/results,2009
323,Beijing,Beijing,Empty,2009.10.05,"$3,337,000",Novak Djokovic,Hard,/en/scores/archive/beijing/747/2009/results,2009
324,Tokyo,Tokyo,Empty,2009.10.05,"$1,226,500",Jo-Wilfried Tsonga,Hard,/en/scores/archive/tokyo/329/2009/results,2009
325,ATP Masters 1000 Shanghai,Shanghai,China,2009.10.11,"$5,250,000",Nikolay Davydenko,Hard,/en/scores/archive/shanghai/5014/2009/results,2009
326,Moscow,Moscow,Empty,2009.10.19,"$1,080,500",Mikhail Youzhny,Hard,/en/scores/archive/moscow/438/2009/results,2009
327,Stockholm,Stockholm,Empty,2009.10.19,"€600,000",Marcos Baghdatis,Hard,/en/scores/archive/stockholm/429/2009/results,2009
328,St. Petersburg,St. Petersburg,Empty,2009.10.25,"$750,000",Sergiy Stakhovsky,Hard,/en/scores/archive/st-petersburg/568/2009/results,2009
329,Lyon,Lyon,Empty,2009.10.26,"€650,000",Ivan Ljubicic,Hard,/en/scores/archive/lyon/7309/2009/results,2009
330,Vienna,Vienna,Empty,2009.10.26,"€574,750",Jurgen Melzer,Hard,/en/scores/archive/vienna/337/2009/results,2009
331,Valencia,Valencia,Empty,2009.11.02,"€2,019,000",Andy Murray,Hard,/en/scores/archive/valencia/573/2009/results,2009
332,Basel,Basel,Empty,2009.11.02,"€1,755,000",Novak Djokovic,Hard,/en/scores/archive/basel/328/2009/results,2009
333,ATP Masters 1000 Paris,Paris,Empty,2009.11.08,"€2,750,000",Novak Djokovic,Hard,/en/scores/archive/paris/352/2009/results,2009
334,ATP Finals,,Empty,2009.11.22,"$5,000,000",Nikolay Davydenko,Hard,/en/scores/archive/atp-finals/605/2009/results,2009
335,Brisbane,Brisbane,Empty,2010.01.03,"$424,250",Andy Roddick,Hard,/en/scores/archive/brisbane/339/2010/results,2010
336,Doha,Doha,Empty,2010.01.04,"$1,110,250",Nikolay Davydenko,Hard,/en/scores/archive/doha/451/2010/results,2010
337,Chennai,Chennai,Empty,2010.01.04,"$450,000",Marin Cilic,Hard,/en/scores/archive/chennai/891/2010/results,2010
338,Sydney,Sydney,Empty,2010.01.11,"$424,250",Marcos Baghdatis,Hard,/en/scores/archive/sydney/338/2010/results,2010
339,Auckland,Auckland,Empty,2010.01.11,"$407,250",John Isner,Hard,/en/scores/archive/auckland/301/2010/results,2010
340,Australian Open,Melbourne,Empty,2010.01.18,"A$11,048,640",Roger Federer,Hard,/en/scores/archive/australian-open/580/2010/results,2010
341,Johannesburg,Johannesburg,Empty,2010.02.01,"$500,000",Feliciano Lopez,Hard,/en/scores/archive/johannesburg/5012/2010/results,2010
342,Santiago,Santiago,Empty,2010.02.01,"$450,000",Thomaz Bellucci,Clay,/en/scores/archive/santiago/505/2010/results,2010
343,Zagreb,Zagreb,Empty,2010.02.01,"€450,000",Marin Cilic,Hard,/en/scores/archive/zagreb/2276/2010/results,2010
344,Rotterdam,Rotterdam,Empty,2010.02.08,"€1,445,000",Robin Soderling,Hard,/en/scores/archive/rotterdam/407/2010/results,2010
345,San Jose,San Jose,Empty,2010.02.08,"$600,000",Fernando Verdasco,Hard,/en/scores/archive/san-jose/424/2010/results,2010
346,Costa do Sauipe,Costa do Sauipe,Empty,2010.02.08,"$500,000",Juan Carlos Ferrero,Clay,/en/scores/archive/costa-do-sauipe/533/2010/results,2010
347,Memphis,Memphis,Empty,2010.02.15,"$1,226,500",Sam Querrey,Hard,/en/scores/archive/memphis/402/2010/results,2010
348,Marseille,Marseille,France,2010.02.15,"€576,000",Michael Llodra,Hard,/en/scores/archive/marseille/496/2010/results,2010
349,Buenos Aires,Buenos Aires,Empty,2010.02.15,"$544,300",Juan Carlos Ferrero,Clay,/en/scores/archive/buenos-aires/506/2010/results,2010
350,Dubai,Dubai,United Arab Emirates,2010.02.22,"$2,233,000",Novak Djokovic,Hard,/en/scores/archive/dubai/495/2010/results,2010
351,Acapulco,Acapulco,Mexico,2010.02.22,"$1,081,500",David Ferrer,Clay,/en/scores/archive/acapulco/807/2010/results,2010
352,Delray Beach,Delray Beach,Empty,2010.02.22,"$500,000",Ernests Gulbis,Hard,/en/scores/archive/delray-beach/499/2010/results,2010
353,ATP Masters 1000 Indian Wells,Indian Wells,Empty,2010.03.11,"$4,702,285",Ivan Ljubicic,Hard,/en/scores/archive/indian-wells/404/2010/results,2010
354,ATP Masters 1000 Miami,Miami,Empty,2010.03.24,"$4,500,000",Andy Roddick,Hard,/en/scores/archive/miami/403/2010/results,2010
355,Houston,Houston,United States,2010.04.05,"$500,000",Juan Ignacio Chela,Clay,/en/scores/archive/houston/717/2010/results,2010
356,Casablanca,Casablanca,Empty,2010.04.05,"€450,000",Stan Wawrinka,Clay,/en/scores/archive/casablanca/360/2010/results,2010
357,ATP Masters 1000 Monte Carlo,Monte Carlo,Empty,2010.04.11,"€2,750,000",Rafael Nadal,Clay,/en/scores/archive/monte-carlo/410/2010/results,2010
358,Barcelona,Barcelona,Empty,2010.04.19,"€1,995,000",Fernando Verdasco,Clay,/en/scores/archive/barcelona/425/2010/results,2010
359,ATP Masters 1000 Rome,Rome,Empty,2010.04.25,"€2,750,000",Rafael Nadal,Clay,/en/scores/archive/rome/416/2010/results,2010
360,Munich,Munich,Germany,2010.05.02,"€450,000",Mikhail Youzhny,Clay,/en/scores/archive/munich/308/2010/results,2010
361,Estoril,Estoril,Empty,2010.05.03,"€450,000",Albert Montanes,Clay,/en/scores/archive/estoril/468/2010/results,2010
362,Belgrade,Belgrade,Empty,2010.05.03,"€424,950",Sam Querrey,Clay,/en/scores/archive/belgrade/5053/2010/results,2010
363,ATP Masters 1000 Madrid,Madrid,Spain,2010.05.09,"€3,700,000",Rafael Nadal,Clay,/en/scores/archive/madrid/1536/2010/results,2010
364,World Team Championship,Dusseldorf,Empty,2010.05.16,"€1,350,000",Juan Monaco,Clay,/en/scores/archive/dusseldorf/615/2010/results,2010
365,Nice,Nice,France,2010.05.16,"€450,000",Richard Gasquet,Clay,/en/scores/archive/nice/6120/2010/results,2010
366,Roland Garros,Paris,France,2010.05.24,"€7,580,800",Rafael Nadal,Clay,/en/scores/archive/roland-garros/520/2010/results,2010
367,Halle,Halle,Germany,2010.06.07,"€750,000",Lleyton Hewitt,Grass,/en/scores/archive/halle/500/2010/results,2010
368,London / Queen's Club,London,Great Britain,2010.06.07,"€713,950",Sam Querrey,Grass,/en/scores/archive/london/311/2010/results,2010
369,Eastbourne,Eastbourne,Great Britain,2010.06.13,"€456,750",Michael Llodra,Grass,/en/scores/archive/eastbourne/741/2010/results,2010
370,s-Hertogenbosch,s-Hertogenbosch,Netherlands,2010.06.13,"€450,000",Sergiy Stakhovsky,Grass,/en/scores/archive/s-hertogenbosch/440/2010/results,2010
371,Wimbledon,London,Great Britain,2010.06.21,"£6,196,000",Rafael Nadal,Grass,/en/scores/archive/wimbledon/540/2010/results,2010
372,Newport,Newport,United States,2010.07.05,"$500,000",Mardy Fish,Grass,/en/scores/archive/newport/315/2010/results,2010
373,Bastad,Bastad,Sweden,2010.07.12,"€450,000",Nicolas Almagro,Clay,/en/scores/archive/bastad/316/2010/results,2010
374,Stuttgart,Stuttgart,Germany,2010.07.12,"€450,000",Albert Montanes,Clay,/en/scores/archive/stuttgart/321/2010/results,2010
375,Hamburg,Hamburg,Germany,2010.07.19,"€1,115,000",Andrey Golubev,Clay,/en/scores/archive/hamburg/414/2010/results,2010
376,Atlanta,Atlanta,United States,2010.07.19,"$600,000",Mardy Fish,Hard,/en/scores/archive/atlanta/6116/2010/results,2010
377,Gstaad,Gstaad,Switzerland,2010.07.25,"€450,000",Nicolas Almagro,Clay,/en/scores/archive/gstaad/314/2010/results,2010
378,Los Angeles,Los Angeles,United States,2010.07.26,"$700,000",Sam Querrey,Hard,/en/scores/archive/los-angeles/423/2010/results,2010
379,Umag,Umag,Croatia,2010.07.26,"€450,000",Juan Carlos Ferrero,Clay,/en/scores/archive/umag/439/2010/results,2010
380,Washington,Washington,United States,2010.08.01,"$1,402,000",David Nalbandian,Hard,/en/scores/archive/washington/418/2010/results,2010
381,ATP Masters 1000 Canada,Toronto,Canada,2010.08.09,"$3,000,000",Andy Murray,Hard,/en/scores/archive/toronto/421/2010/results,2010
382,ATP Masters 1000 Cincinnati,Cincinnati,United States,2010.08.15,"$3,000,000",Roger Federer,Hard,/en/scores/archive/cincinnati/422/2010/results,2010
383,New Haven,New Haven,Empty,2010.08.22,"$750,000",Sergiy Stakhovsky,Hard,/en/scores/archive/new-haven/3348/2010/results,2010
384,US Open,New York,Empty,2010.08.30,"$10,508,000",Rafael Nadal,Hard,/en/scores/archive/us-open/560/2010/results,2010
385,Metz,Metz,Empty,2010.09.20,"€450,000",Gilles Simon,Hard,/en/scores/archive/metz/341/2010/results,2010
386,Bucharest,Bucharest,Empty,2010.09.20,"€420,200",Juan Ignacio Chela,Clay,/en/scores/archive/bucharest/773/2010/results,2010
387,Kuala Lumpur,Kuala Lumpur,Empty,2010.09.27,"$947,750",Mikhail Youzhny,Hard,/en/scores/archive/kuala-lumpur/6003/2010/results,2010
388,Bangkok,Bangkok,Empty,2010.09.27,"$608,500",Guillermo Garcia-Lopez,Hard,/en/scores/archive/bangkok/1720/2010/results,2010
389,Beijing,Beijing,China,2010.10.04,"$3,336,500",Novak Djokovic,Hard,/en/scores/archive/beijing/747/2010/results,2010
390,Tokyo,Tokyo,Empty,2010.10.04,"$1,226,500",Rafael Nadal,Hard,/en/scores/archive/tokyo/329/2010/results,2010
391,ATP Masters 1000 Shanghai,Shanghai,China,2010.10.10,"$5,250,000",Andy Murray,Hard,/en/scores/archive/shanghai/5014/2010/results,2010
392,Moscow,Moscow,Russia,2010.10.18,"$1,080,500",Viktor Troicki,Hard,/en/scores/archive/moscow/438/2010/results,2010
393,Stockholm,Stockholm,Empty,2010.10.18,"€600,000",Roger Federer,Hard,/en/scores/archive/stockholm/429/2010/results,2010
394,St. Petersburg,St. Petersburg,Russia,2010.10.25,"$750,000",Mikhail Kukushkin,Hard,/en/scores/archive/st-petersburg/568/2010/results,2010
395,Montpellier,Montpellier,France,2010.10.25,"€650,000",Gael Monfils,Hard,/en/scores/archive/montpellier/375/2010/results,2010
396,Vienna,Vienna,Austria,2010.10.25,"€650,000",Jurgen Melzer,Hard,/en/scores/archive/vienna/337/2010/results,2010
397,Valencia,Valencia,Switzerland,2010.10.31,"€2,019,000",David Ferrer,Hard,/en/scores/archive/valencia/573/2010/results,2010
398,Basel,Basel,Switzerland,2010.11.01,"€1,755,000",Roger Federer,Hard,/en/scores/archive/basel/328/2010/results,2010
399,ATP Masters 1000 Paris,Paris,France,2010.11.07,"€2,750,000",Robin Soderling,Hard,/en/scores/archive/paris/352/2010/results,2010
400,ATP Finals,,Empty,2010.11.21,"$5,070,000",Roger Federer,Hard,/en/scores/archive/atp-finals/605/2010/results,2010
401,Brisbane,Brisbane,Australia,2011.01.02,"$474,050",Robin Soderling,Hard,/en/scores/archive/brisbane/339/2011/results,2011
402,Doha,Doha,Qatar,2011.01.03,"$1,110,250",Roger Federer,Hard,/en/scores/archive/doha/451/2011/results,2011
403,Chennai,Chennai,India,2011.01.03,"$450,000",Stan Wawrinka,Hard,/en/scores/archive/chennai/891/2011/results,2011
404,Sydney,Sydney,Australia,2011.01.10,"$474,050",Gilles Simon,Hard,/en/scores/archive/sydney/338/2011/results,2011
405,Auckland,Auckland,New Zealand,2011.01.10,"$450,000",David Ferrer,Hard,/en/scores/archive/auckland/301/2011/results,2011
406,Australian Open,Melbourne,Australia,2011.01.17,"A$11,414,950",Novak Djokovic,Hard,/en/scores/archive/australian-open/580/2011/results,2011
407,Johannesburg,Johannesburg,South Africa,2011.01.31,"$500,000",Kevin Anderson,Hard,/en/scores/archive/johannesburg/5012/2011/results,2011
408,Santiago,Santiago,Chile,2011.01.31,"$450,000",Tommy Robredo,Clay,/en/scores/archive/santiago/505/2011/results,2011
409,Zagreb,Zagreb,Croatia,2011.01.31,"€450,000",Ivan Dodig,Hard,/en/scores/archive/zagreb/2276/2011/results,2011
410,Rotterdam,Rotterdam,Netherlands,2011.02.07,"€1,445,000",Robin Soderling,Hard,/en/scores/archive/rotterdam/407/2011/results,2011
411,San Jose,San Jose,United States,2011.02.07,"$600,000",Milos Raonic,Hard,/en/scores/archive/san-jose/424/2011/results,2011
412,Costa do Sauipe,Costa do Sauipe,Brazil,2011.02.07,"$527,700",Nicolas Almagro,Clay,/en/scores/archive/costa-do-sauipe/533/2011/results,2011
413,Memphis,Memphis,United States,2011.02.14,"$1,226,500",Andy Roddick,Hard,/en/scores/archive/memphis/402/2011/results,2011
414,Marseille,Marseille,France,2011.02.14,"€576,000",Robin Soderling,Hard,/en/scores/archive/marseille/496/2011/results,2011
415,Buenos Aires,Buenos Aires,Argentina,2011.02.14,"$547,900",Nicolas Almagro,Clay,/en/scores/archive/buenos-aires/506/2011/results,2011
416,Dubai,Dubai,United Arab Emirates,2011.02.21,"$2,233,000",Novak Djokovic,Hard,/en/scores/archive/dubai/495/2011/results,2011
417,Acapulco,Acapulco,Mexico,2011.02.21,"$1,226,500",David Ferrer,Clay,/en/scores/archive/acapulco/807/2011/results,2011
418,Delray Beach,Delray Beach,United States,2011.02.21,"$442,500",Juan Martin del Potro,Hard,/en/scores/archive/delray-beach/499/2011/results,2011
419,ATP Masters 1000 Indian Wells,Indian Wells,United States,2011.03.10,"$4,717,540",Novak Djokovic,Hard,/en/scores/archive/indian-wells/404/2011/results,2011
420,ATP Masters 1000 Miami,Miami,United States,2011.03.23,"$4,500,000",Novak Djokovic,Hard,/en/scores/archive/miami/403/2011/results,2011
421,Houston,Houston,United States,2011.04.04,"$500,000",Ryan Sweeting,Clay,/en/scores/archive/houston/717/2011/results,2011
422,Casablanca,Casablanca,Morocco,2011.04.04,"€450,000",Pablo Andujar,Clay,/en/scores/archive/casablanca/360/2011/results,2011
423,ATP Masters 1000 Monte Carlo,Monte Carlo,Monaco,2011.04.10,"€2,543,750",Rafael Nadal,Clay,/en/scores/archive/monte-carlo/410/2011/results,2011
424,Barcelona,Barcelona,Spain,2011.04.18,"€1,995,000",Rafael Nadal,Clay,/en/scores/archive/barcelona/425/2011/results,2011
425,Munich,Munich,Germany,2011.04.24,"€450,000",Nikolay Davydenko,Clay,/en/scores/archive/munich/308/2011/results,2011
426,Estoril,Estoril,Portugal,2011.04.25,"€450,000",Juan Martin del Potro,Clay,/en/scores/archive/estoril/468/2011/results,2011
427,Belgrade,Belgrade,Serbia,2011.04.25,"€416,650",Novak Djokovic,Clay,/en/scores/archive/belgrade/5053/2011/results,2011
428,ATP Masters 1000 Madrid,Madrid,Spain,2011.05.01,"€3,706,000",Novak Djokovic,Clay,/en/scores/archive/madrid/1536/2011/results,2011
429,ATP Masters 1000 Rome,Rome,Italy,2011.05.08,"€2,750,000",Novak Djokovic,Clay,/en/scores/archive/rome/416/2011/results,2011
430,World Team Championship,Dusseldorf,Germany,2011.05.15,"€1,100,000",Juan Ignacio Chela,Clay,/en/scores/archive/dusseldorf/615/2011/results,2011
431,Nice,Nice,France,2011.05.15,"€450,000",Nicolas Almagro,Clay,/en/scores/archive/nice/6120/2011/results,2011
432,Roland Garros,Paris,France,2011.05.22,"€7,884,000",Rafael Nadal,Clay,/en/scores/archive/roland-garros/520/2011/results,2011
433,Halle,Halle,Germany,2011.06.06,"€750,000",Philipp Kohlschreiber,Grass,/en/scores/archive/halle/500/2011/results,2011
434,London / Queen's Club,London,Great Britain,2011.06.06,"€694,250",Andy Murray,Grass,/en/scores/archive/london/311/2011/results,2011
435,Eastbourne,Eastbourne,Great Britain,2011.06.12,"€462,675",Andreas Seppi,Grass,/en/scores/archive/eastbourne/741/2011/results,2011
436,s-Hertogenbosch,s-Hertogenbosch,Netherlands,2011.06.12,"€450,000",Dmitry Tursunov,Grass,/en/scores/archive/s-hertogenbosch/440/2011/results,2011
437,Wimbledon,London,Great Britain,2011.06.20,"£6,631,000",Novak Djokovic,Grass,/en/scores/archive/wimbledon/540/2011/results,2011
438,Newport,Newport,United States,2011.07.04,"$500,000",John Isner,Grass,/en/scores/archive/newport/315/2011/results,2011
439,Bastad,Bastad,Sweden,2011.07.11,"€450,000",Robin Soderling,Clay,/en/scores/archive/bastad/316/2011/results,2011
440,Stuttgart,Stuttgart,Germany,2011.07.11,"€450,000",Juan Carlos Ferrero,Clay,/en/scores/archive/stuttgart/321/2011/results,2011
441,Hamburg,Hamburg,Germany,2011.07.18,"€1,115,000",Gilles Simon,Clay,/en/scores/archive/hamburg/414/2011/results,2011
442,Atlanta,Atlanta,United States,2011.07.18,"$600,000",Mardy Fish,Hard,/en/scores/archive/atlanta/6116/2011/results,2011
443,Los Angeles,Los Angeles,United States,2011.07.25,"$700,000",Ernests Gulbis,Hard,/en/scores/archive/los-angeles/423/2011/results,2011
444,Gstaad,Gstaad,Switzerland,2011.07.25,"€450,000",Marcel Granollers,Clay,/en/scores/archive/gstaad/314/2011/results,2011
445,Umag,Umag,Croatia,2011.07.25,"€450,000",Alexandr Dolgopolov,Clay,/en/scores/archive/umag/439/2011/results,2011
446,Washington,Washington,United States,2011.07.31,"$1,402,900",Radek Stepanek,Hard,/en/scores/archive/washington/418/2011/results,2011
447,Kitzbühel,Kitzbhel,Austria,2011.07.31,"€450,000",Robin Haase,Clay,/en/scores/archive/kitzbhel/319/2011/results,2011
448,ATP Masters 1000 Canada,Montreal,Canada,2011.08.08,"$3,000,000",Novak Djokovic,Hard,/en/scores/archive/montreal/421/2011/results,2011
449,ATP Masters 1000 Cincinnati,Cincinnati,United States,2011.08.14,"$3,200,000",Andy Murray,Hard,/en/scores/archive/cincinnati/422/2011/results,2011
450,Winston-Salem,Winston-Salem,United States,2011.08.21,"$625,000",John Isner,Hard,/en/scores/archive/winston-salem/6242/2011/results,2011
451,US Open,New York,United States,2011.08.29,"$10,768,000",Novak Djokovic,Hard,/en/scores/archive/us-open/560/2011/results,2011
452,Metz,Metz,France,2011.09.19,"€450,000",Jo-Wilfried Tsonga,Hard,/en/scores/archive/metz/341/2011/results,2011
453,Bucharest,Bucharest,Romania,2011.09.19,"€422,950",Florian Mayer,Clay,/en/scores/archive/bucharest/773/2011/results,2011
454,Kuala Lumpur,Kuala Lumpur,Malaysia,2011.09.26,"$947,750",Janko Tipsarevic,Hard,/en/scores/archive/kuala-lumpur/6003/2011/results,2011
455,Bangkok,Bangkok,Thailand,2011.09.26,"$644,500",Andy Murray,Hard,/en/scores/archive/bangkok/1720/2011/results,2011
456,Beijing,Beijing,China,2011.10.03,"$3,336,500",Tomas Berdych,Hard,/en/scores/archive/beijing/747/2011/results,2011
457,Tokyo,Tokyo,Japan,2011.10.03,"$1,341,000",Andy Murray,Hard,/en/scores/archive/tokyo/329/2011/results,2011
458,ATP Masters 1000 Shanghai,Shanghai,China,2011.10.09,"$5,650,000",Andy Murray,Hard,/en/scores/archive/shanghai/5014/2011/results,2011
459,Moscow,Moscow,Russia,2011.10.17,"$805,500",Janko Tipsarevic,Hard,/en/scores/archive/moscow/438/2011/results,2011
460,Stockholm,Stockholm,Sweden,2011.10.17,"€600,000",Gael Monfils,Hard,/en/scores/archive/stockholm/429/2011/results,2011
461,St. Petersburg,St. Petersburg,Russia,2011.10.24,"$750,000",Marin Cilic,Hard,/en/scores/archive/st-petersburg/568/2011/results,2011
462,Vienna,Vienna,Austria,2011.10.24,"€650,000",Jo-Wilfried Tsonga,Hard,/en/scores/archive/vienna/337/2011/results,2011
463,Valencia,Valencia,Spain,2011.10.31,"€2,019,000",Marcel Granollers,Hard,/en/scores/archive/valencia/573/2011/results,2011
464,Basel,Basel,Switzerland,2011.10.31,"€1,838,100",Roger Federer,Hard,/en/scores/archive/basel/328/2011/results,2011
465,ATP Masters 1000 Paris,Paris,France,2011.11.07,"€2,750,000",Roger Federer,Hard,/en/scores/archive/paris/352/2011/results,2011
466,ATP Finals,London,Great Britain,2011.11.20,"$5,070,000",Roger Federer,Hard,/en/scores/archive/atp-finals/605/2011/results,2011
467,Brisbane,Brisbane,Australia,2012.01.01,"$486,000",Andy Murray,Hard,/en/scores/archive/brisbane/339/2012/results,2012
468,Doha,Doha,Qatar,2012.01.02,"$1,110,250",Jo-Wilfried Tsonga,Hard,/en/scores/archive/doha/451/2012/results,2012
469,Chennai,Chennai,India,2012.01.02,"$450,000",Milos Raonic,Hard,/en/scores/archive/chennai/891/2012/results,2012
470,Sydney,Sydney,Australia,2012.01.09,"$486,000",Jarkko Nieminen,Hard,/en/scores/archive/sydney/338/2012/results,2012
471,Auckland,Auckland,New Zealand,2012.01.09,"$450,000",David Ferrer,Hard,/en/scores/archive/auckland/301/2012/results,2012
472,Australian Open,Melbourne,Australia,2012.01.16,"A$11,806,550",Novak Djokovic,Hard,/en/scores/archive/australian-open/580/2012/results,2012
473,Montpellier,Montpellier,France,2012.01.30,"€450,000",Tomas Berdych,Hard,/en/scores/archive/montpellier/375/2012/results,2012
474,Vina del Mar,Vina del Mar,Chile,2012.01.30,"$450,000",Juan Monaco,Clay,/en/scores/archive/vina-del-mar/505/2012/results,2012
475,Zagreb,Zagreb,Croatia,2012.01.30,"€450,000",Mikhail Youzhny,Hard,/en/scores/archive/zagreb/2276/2012/results,2012
476,Rotterdam,Rotterdam,Netherlands,2012.02.13,"€1,502,500",Roger Federer,Hard,/en/scores/archive/rotterdam/407/2012/results,2012
477,San Jose,San Jose,United States,2012.02.13,"$600,000",Milos Raonic,Hard,/en/scores/archive/san-jose/424/2012/results,2012
478,Sao Paulo,Sao Paulo,Brazil,2012.02.13,"$532,800",Nicolas Almagro,Clay,/en/scores/archive/sao-paulo/533/2012/results,2012
479,Memphis,Memphis,United States,2012.02.20,"$1,281,500",Jurgen Melzer,Hard,/en/scores/archive/memphis/402/2012/results,2012
480,Marseille,Marseille,France,2012.02.20,"€576,000",Juan Martin del Potro,Hard,/en/scores/archive/marseille/496/2012/results,2012
481,Buenos Aires,Buenos Aires,Argentina,2012.02.20,"$553,100",David Ferrer,Clay,/en/scores/archive/buenos-aires/506/2012/results,2012
482,Dubai,Dubai,United Arab Emirates,2012.02.27,"$2,313,975",Roger Federer,Hard,/en/scores/archive/dubai/495/2012/results,2012
483,Acapulco,Acapulco,Mexico,2012.02.27,"$1,281,500",David Ferrer,Clay,/en/scores/archive/acapulco/807/2012/results,2012
484,Delray Beach,Delray Beach,United States,2012.02.27,"$500,000",Kevin Anderson,Hard,/en/scores/archive/delray-beach/499/2012/results,2012
485,ATP Masters 1000 Indian Wells,Indian Wells,United States,2012.03.08,"$5,816,010",Roger Federer,Hard,/en/scores/archive/indian-wells/404/2012/results,2012
486,ATP Masters 1000 Miami,Miami,United States,2012.03.21,"$4,828,050",Novak Djokovic,Hard,/en/scores/archive/miami/403/2012/results,2012
487,Houston,Houston,United States,2012.04.09,"$500,000",Juan Monaco,Clay,/en/scores/archive/houston/717/2012/results,2012
488,Casablanca,Casablanca,Morocco,2012.04.09,"€450,000",Pablo Andujar,Clay,/en/scores/archive/casablanca/360/2012/results,2012
489,ATP Masters 1000 Monte Carlo,Monte Carlo,Monaco,2012.04.15,"€2,744,225",Rafael Nadal,Clay,/en/scores/archive/monte-carlo/410/2012/results,2012
490,Barcelona,Barcelona,Spain,2012.04.23,"€2,072,500",Rafael Nadal,Clay,/en/scores/archive/barcelona/425/2012/results,2012
491,Bucharest,Bucharest,Romania,2012.04.23,"€450,000",Gilles Simon,Clay,/en/scores/archive/bucharest/773/2012/results,2012
492,Estoril,Estoril,Portugal,2012.04.30,"€450,000",Juan Martin del Potro,Clay,/en/scores/archive/estoril/468/2012/results,2012
493,Munich,Munich,Germany,2012.04.30,"€450,000",Philipp Kohlschreiber,Clay,/en/scores/archive/munich/308/2012/results,2012
494,Belgrade,Belgrade,Serbia,2012.04.30,"€418,700",Andreas Seppi,Clay,/en/scores/archive/belgrade/5053/2012/results,2012
495,ATP Masters 1000 Madrid,Madrid,Spain,2012.05.06,"€3,973,695",Roger Federer,Clay,/en/scores/archive/madrid/1536/2012/results,2012
496,ATP Masters 1000 Rome,Rome,Italy,2012.05.13,"€2,950,475",Rafael Nadal,Clay,/en/scores/archive/rome/416/2012/results,2012
497,Nice,Nice,France,2012.05.20,"€450,000",Nicolas Almagro,Clay,/en/scores/archive/nice/6120/2012/results,2012
498,Roland Garros,Paris,France,2012.05.27,"€8,487,000",Rafael Nadal,Clay,/en/scores/archive/roland-garros/520/2012/results,2012
499,Halle,Halle,Germany,2012.06.11,"€750,000",Tommy Haas,Grass,/en/scores/archive/halle/500/2012/results,2012
500,London / Queen's Club,London,Great Britain,2012.06.11,"€711,550",Marin Cilic,Grass,/en/scores/archive/london/311/2012/results,2012
501,s-Hertogenbosch,s-Hertogenbosch,Netherlands,2012.06.17,"€450,000",David Ferrer,Grass,/en/scores/archive/s-hertogenbosch/440/2012/results,2012
502,Eastbourne,Eastbourne,Great Britain,2012.06.18,"€455,700",Andy Roddick,Grass,/en/scores/archive/eastbourne/741/2012/results,2012
503,Wimbledon,London,Great Britain,2012.06.25,"£7,285,200",Roger Federer,Grass,/en/scores/archive/wimbledon/540/2012/results,2012
504,Newport,Newport,United States,2012.07.09,"$455,750",John Isner,Grass,/en/scores/archive/newport/315/2012/results,2012
505,Bastad,B†stad,Sweden,2012.07.09,"€410,175",David Ferrer,Clay,/en/scores/archive/bstad/316/2012/results,2012
506,Stuttgart,Stuttgart,Germany,2012.07.09,"€410,175",Janko Tipsarevic,Clay,/en/scores/archive/stuttgart/321/2012/results,2012
507,Umag,Umag,Croatia,2012.07.09,"€410,175",Marin Cilic,Clay,/en/scores/archive/umag/439/2012/results,2012
508,Hamburg,Hamburg,Germany,2012.07.16,"€1,015,000",Juan Monaco,Clay,/en/scores/archive/hamburg/414/2012/results,2012
509,Atlanta,Atlanta,United States,2012.07.16,"$546,900",Andy Roddick,Hard,/en/scores/archive/atlanta/6116/2012/results,2012
510,Gstaad,Gstaad,Switzerland,2012.07.16,"€410,175",Thomaz Bellucci,Clay,/en/scores/archive/gstaad/314/2012/results,2012
511,Kitzbühel,Kitzbuhel,Austria,2012.07.22,"€410,175",Robin Haase,Clay,/en/scores/archive/kitzbuhel/319/2012/results,2012
512,Los Angeles,Los Angeles,United States,2012.07.23,"$638,050",Sam Querrey,Hard,/en/scores/archive/los-angeles/423/2012/results,2012
513,Washington,Washington,United States,2012.07.30,"$1,286,260",Alexandr Dolgopolov,Hard,/en/scores/archive/washington/418/2012/results,2012
514,ATP Masters 1000 Canada,Toronto,Canada,2012.08.06,"$3,218,700",Novak Djokovic,Hard,/en/scores/archive/toronto/421/2012/results,2012
515,ATP Masters 1000 Cincinnati,Cincinnati,United States,2012.08.12,"$3,433,280",Roger Federer,Hard,/en/scores/archive/cincinnati/422/2012/results,2012
516,Winston-Salem,Winston-Salem,United States,2012.08.19,"$625,000",John Isner,Hard,/en/scores/archive/winston-salem/6242/2012/results,2012
517,US Open,New York,United States,2012.08.27,"$11,777,000",Andy Murray,Hard,/en/scores/archive/us-open/560/2012/results,2012
518,St. Petersburg,St. Petersburg,Russia,2012.09.17,"$468,350",Martin Klizan,Hard,/en/scores/archive/st-petersburg/568/2012/results,2012
519,Metz,Metz,France,2012.09.17,"€450,000",Jo-Wilfried Tsonga,Hard,/en/scores/archive/metz/341/2012/results,2012
520,Kuala Lumpur,Kuala Lumpur,Malaysia,2012.09.24,"$947,750",Juan Monaco,Hard,/en/scores/archive/kuala-lumpur/6003/2012/results,2012
521,Bangkok,Bangkok,Thailand,2012.09.24,"$608,500",Richard Gasquet,Hard,/en/scores/archive/bangkok/1720/2012/results,2012
522,Beijing,Beijing,China,2012.10.01,"$3,441,500",Novak Djokovic,Hard,/en/scores/archive/beijing/747/2012/results,2012
523,Tokyo,Tokyo,Japan,2012.10.01,"$1,407,065",Kei Nishikori,Hard,/en/scores/archive/tokyo/329/2012/results,2012
524,ATP Masters 1000 Shanghai,Shanghai,China,2012.10.07,"$5,891,600",Novak Djokovic,Hard,/en/scores/archive/shanghai/5014/2012/results,2012
525,Moscow,Moscow,Russia,2012.10.15,"$742,150",Andreas Seppi,Hard,/en/scores/archive/moscow/438/2012/results,2012
526,Stockholm,Stockholm,Sweden,2012.10.15,"€550,000",Tomas Berdych,Hard,/en/scores/archive/stockholm/429/2012/results,2012
527,Vienna,Vienna,Austria,2012.10.15,"€550,000",Juan Martin del Potro,Hard,/en/scores/archive/vienna/337/2012/results,2012
528,Valencia,Valencia,Spain,2012.10.21,"€2,086,850",David Ferrer,Hard,/en/scores/archive/valencia/573/2012/results,2012
529,Basel,Basel,Switzerland,2012.10.22,"€1,934,300",Juan Martin del Potro,Hard,/en/scores/archive/basel/328/2012/results,2012
530,ATP Masters 1000 Paris,Paris,France,2012.10.29,"€2,950,475",David Ferrer,Hard,/en/scores/archive/paris/352/2012/results,2012
531,ATP Finals,London,Great Britain,2012.11.05,"$5,500,000",Novak Djokovic,Hard,/en/scores/archive/atp-finals/605/2012/results,2012
532,Brisbane,Brisbane,Australia,2012.12.30,"$494,230",Andy Murray,Hard,/en/scores/archive/brisbane/339/2013/results,2013
533,Doha,Doha,Qatar,2012.12.31,"$1,150,720",Richard Gasquet,Hard,/en/scores/archive/doha/451/2013/results,2013
534,Chennai,Chennai,India,2012.12.31,"$442,750",Janko Tipsarevic,Hard,/en/scores/archive/chennai/891/2013/results,2013
535,Sydney,Sydney,Australia,2013.01.07,"$494,230",Bernard Tomic,Hard,/en/scores/archive/sydney/338/2013/results,2013
536,Auckland,Auckland,New Zealand,2013.01.07,"$491,000",David Ferrer,Hard,/en/scores/archive/auckland/301/2013/results,2013
537,Australian Open,Melbourne,Australia,2013.01.14,"A$13,803,160",Novak Djokovic,Hard,/en/scores/archive/australian-open/580/2013/results,2013
538,Montpellier,Montpellier,France,2013.02.04,"€467,800",Richard Gasquet,Hard,/en/scores/archive/montpellier/375/2013/results,2013
539,Vina del Mar,Vina del Mar,Chile,2013.02.04,"$467,800",Horacio Zeballos,Clay,/en/scores/archive/vina-del-mar/505/2013/results,2013
540,Zagreb,Zagreb,Croatia,2013.02.04,"€467,800",Marin Cilic,Hard,/en/scores/archive/zagreb/2276/2013/results,2013
541,Rotterdam,Rotterdam,Netherlands,2013.02.11,"€1,575,875",Juan Martin del Potro,Hard,/en/scores/archive/rotterdam/407/2013/results,2013
542,San Jose,San Jose,United States,2013.02.11,"$623,730",Milos Raonic,Hard,/en/scores/archive/san-jose/424/2013/results,2013
543,Sao Paulo,Sao Paulo,Brazil,2013.02.11,"$519,775",Rafael Nadal,Clay,/en/scores/archive/sao-paulo/533/2013/results,2013
544,Memphis,Memphis,United States,2013.02.18,"$1,353,550",Kei Nishikori,Hard,/en/scores/archive/memphis/402/2013/results,2013
545,Marseille,Marseille,France,2013.02.18,"€598,535",Jo-Wilfried Tsonga,Hard,/en/scores/archive/marseille/496/2013/results,2013
546,Buenos Aires,Buenos Aires,Argentina,2013.02.18,"$570,470",David Ferrer,Clay,/en/scores/archive/buenos-aires/506/2013/results,2013
547,Dubai,Dubai,United Arab Emirates,2013.02.25,"$2,413,300",Novak Djokovic,Hard,/en/scores/archive/dubai/495/2013/results,2013
548,Acapulco,Acapulco,Mexico,2013.02.25,"$1,353,550",Rafael Nadal,Clay,/en/scores/archive/acapulco/807/2013/results,2013
549,Delray Beach,Delray Beach,United States,2013.02.25,"$519,775",Ernests Gulbis,Hard,/en/scores/archive/delray-beach/499/2013/results,2013
550,ATP Masters 1000 Indian Wells,Indian Wells,United States,2013.03.07,"$6,676,605",Rafael Nadal,Hard,/en/scores/archive/indian-wells/404/2013/results,2013
551,ATP Masters 1000 Miami,Miami,United States,2013.03.20,"$5,244,125",Andy Murray,Hard,/en/scores/archive/miami/403/2013/results,2013
552,Houston,Houston,United States,2013.04.08,"$519,775",John Isner,Clay,/en/scores/archive/houston/717/2013/results,2013
553,Casablanca,Casablanca,Morocco,2013.04.08,"€467,800",Tommy Robredo,Clay,/en/scores/archive/casablanca/360/2013/results,2013
554,ATP Masters 1000 Monte Carlo,Monte-Carlo,Monaco,2013.04.14,"€2,998,495",Novak Djokovic,Clay,/en/scores/archive/monte-carlo/410/2013/results,2013
555,Barcelona,Barcelona,Spain,2013.04.22,"€2,166,875",Rafael Nadal,Clay,/en/scores/archive/barcelona/425/2013/results,2013
556,Bucharest,Bucharest,Romania,2013.04.22,"€467,800",Lukas Rosol,Clay,/en/scores/archive/bucharest/773/2013/results,2013
557,Munich,Munich,Germany,2013.04.29,"€467,800",Tommy Haas,Clay,/en/scores/archive/munich/308/2013/results,2013
558,Oeiras,Oeiras,Portugal,2013.04.29,"€467,800",Stan Wawrinka,Clay,/en/scores/archive/oeiras/468/2013/results,2013
559,ATP Masters 1000 Madrid,Madrid,Spain,2013.05.05,"€4,303,867",Rafael Nadal,Clay,/en/scores/archive/madrid/1536/2013/results,2013
560,ATP Masters 1000 Rome,Rome,Italy,2013.05.12,"€3,204,745",Rafael Nadal,Clay,/en/scores/archive/rome/416/2013/results,2013
561,Dusseldorf,Dusseldorf,Germany,2013.05.19,"€467,800",Juan Monaco,Clay,/en/scores/archive/dusseldorf/6710/2013/results,2013
562,Nice,Nice,France,2013.05.19,"€467,800",Albert Montanes,Clay,/en/scores/archive/nice/6120/2013/results,2013
563,Roland Garros,Paris,France,2013.05.27,"€10,104,000",Rafael Nadal,Clay,/en/scores/archive/roland-garros/520/2013/results,2013
564,Halle,Halle,Germany,2013.06.10,"€779,665",Roger Federer,Grass,/en/scores/archive/halle/500/2013/results,2013
565,London / Queen's Club,London,Great Britain,2013.06.10,"€779,665",Andy Murray,Grass,/en/scores/archive/london/311/2013/results,2013
566,s-Hertogenbosch,s-Hertogenbosch,Netherlands,2013.06.16,"€467,800",Nicolas Mahut,Grass,/en/scores/archive/s-hertogenbosch/440/2013/results,2013
567,Eastbourne,Eastbourne,Great Britain,2013.06.17,"€526,060",Feliciano Lopez,Grass,/en/scores/archive/eastbourne/741/2013/results,2013
568,Wimbledon,London,Great Britain,2013.06.24,"£10,514,000",Andy Murray,Grass,/en/scores/archive/wimbledon/540/2013/results,2013
569,Newport,Newport,United States,2013.07.08,"$519,775",Nicolas Mahut,Grass,/en/scores/archive/newport/315/2013/results,2013
570,Bastad,Bastad,Sweden,2013.07.08,"€491,370",Carlos Berlocq,Clay,/en/scores/archive/bastad/316/2013/results,2013
571,Stuttgart,Stuttgart,Germany,2013.07.08,"€467,800",Fabio Fognini,Clay,/en/scores/archive/stuttgart/321/2013/results,2013
572,Hamburg,Hamburg,Germany,2013.07.15,"€1,230,500",Fabio Fognini,Clay,/en/scores/archive/hamburg/414/2013/results,2013
573,Bogota,Bogota,Colombia,2013.07.15,"$727,685",Ivo Karlovic,Hard,/en/scores/archive/bogota/6718/2013/results,2013
574,Atlanta,Atlanta,United States,2013.07.22,"$623,730",John Isner,Hard,/en/scores/archive/atlanta/6116/2013/results,2013
575,Gstaad,Gstaad,Switzerland,2013.07.22,"€467,800",Mikhail Youzhny,Clay,/en/scores/archive/gstaad/314/2013/results,2013
576,Umag,Umag,Croatia,2013.07.22,"€467,800",Tommy Robredo,Clay,/en/scores/archive/umag/439/2013/results,2013
577,Kitzbühel,Kitzbhel,Austria,2013.07.28,"€467,800",Marcel Granollers,Clay,/en/scores/archive/kitzbhel/319/2013/results,2013
578,Washington,Washington,United States,2013.07.29,"$1,546,590",Juan Martin del Potro,Hard,/en/scores/archive/washington/418/2013/results,2013
579,ATP Masters 1000 Canada,Montreal,Canada,2013.08.05,"$3,496,085",Rafael Nadal,Hard,/en/scores/archive/montreal/421/2013/results,2013
580,ATP Masters 1000 Cincinnati,Cincinnati,United States,2013.08.11,"$3,729,155",Rafael Nadal,Hard,/en/scores/archive/cincinnati/422/2013/results,2013
581,Winston-Salem,Winston-Salem,United States,2013.08.18,"$658,450",Jurgen Melzer,Hard,/en/scores/archive/winston-salem/6242/2013/results,2013
582,US Open,New York,United States,2013.08.26,"$16,102,000",Rafael Nadal,Hard,/en/scores/archive/us-open/560/2013/results,2013
583,St. Petersburg,St. Petersburg,Russia,2013.09.16,"$519,775",Ernests Gulbis,Hard,/en/scores/archive/st-petersburg/568/2013/results,2013
584,Metz,Metz,France,2013.09.16,"€467,800",Gilles Simon,Hard,/en/scores/archive/metz/341/2013/results,2013
585,Kuala Lumpur,Kuala Lumpur,Malaysia,2013.09.23,"$984,300",Joao Sousa,Hard,/en/scores/archive/kuala-lumpur/6003/2013/results,2013
586,Bangkok,Bangkok,Thailand,2013.09.23,"$631,530",Milos Raonic,Hard,/en/scores/archive/bangkok/1720/2013/results,2013
587,Beijing,Beijing,China,2013.09.30,"$3,566,050",Novak Djokovic,Hard,/en/scores/archive/beijing/747/2013/results,2013
588,Tokyo,Tokyo,Japan,2013.09.30,"$1,437,800",Juan Martin del Potro,Hard,/en/scores/archive/tokyo/329/2013/results,2013
589,ATP Masters 1000 Shanghai,Shanghai,China,2013.10.07,"$6,211,445",Novak Djokovic,Hard,/en/scores/archive/shanghai/5014/2013/results,2013
590,Moscow,Moscow,Russia,2013.10.14,"$823,550",Richard Gasquet,Hard,/en/scores/archive/moscow/438/2013/results,2013
591,Stockholm,Stockholm,Sweden,2013.10.14,"€600,565",Grigor Dimitrov,Hard,/en/scores/archive/stockholm/429/2013/results,2013
592,Vienna,Vienna,Austria,2013.10.14,"€571,755",Tommy Haas,Hard,/en/scores/archive/vienna/337/2013/results,2013
593,Valencia,Valencia,Spain,2013.10.21,"€2,171,095",Mikhail Youzhny,Hard,/en/scores/archive/valencia/573/2013/results,2013
594,Basel,Basel,Switzerland,2013.10.21,"€1,988,835",Juan Martin del Potro,Hard,/en/scores/archive/basel/328/2013/results,2013
595,ATP Masters 1000 Paris,Paris,France,2013.10.28,"€3,204,745",Novak Djokovic,Hard,/en/scores/archive/paris/352/2013/results,2013
596,ATP Finals,London,Great Britain,2013.11.04,"$6,000,000",Novak Djokovic,Hard,/en/scores/archive/atp-finals/605/2013/results,2013
597,Brisbane,Brisbane,Australia,2013.12.29,"$511,825",Lleyton Hewitt,Hard,/en/scores/archive/brisbane/339/2014/results,2014
598,Doha,Doha,Qatar,2013.12.30,"$1,195,500",Rafael Nadal,Hard,/en/scores/archive/doha/451/2014/results,2014
599,Chennai,Chennai,India,2013.12.30,"$459,140",Stan Wawrinka,Hard,/en/scores/archive/chennai/891/2014/results,2014
600,Auckland,Auckland,New Zealand,2014.01.06,"$514,345",John Isner,Hard,/en/scores/archive/auckland/301/2014/results,2014
601,Sydney,Sydney,Australia,2014.01.06,"$511,825",Juan Martin del Potro,Hard,/en/scores/archive/sydney/338/2014/results,2014
602,Australian Open,Melbourne,Australia,2014.01.13,"A$14,982,200",Stan Wawrinka,Hard,/en/scores/archive/australian-open/580/2014/results,2014
603,Montpellier,Montpellier,France,2014.02.03,"€485,760",Gael Monfils,Hard,/en/scores/archive/montpellier/375/2014/results,2014
604,Vina del Mar,Vina del Mar,Chile,2014.02.03,"$485,760",Fabio Fognini,Clay,/en/scores/archive/vina-del-mar/505/2014/results,2014
605,Zagreb,Zagreb,Croatia,2014.02.03,"€485,760",Marin Cilic,Hard,/en/scores/archive/zagreb/2276/2014/results,2014
606,Rotterdam,Rotterdam,Netherlands,2014.02.10,"€1,500,755",Tomas Berdych,Hard,/en/scores/archive/rotterdam/407/2014/results,2014
607,Memphis,Memphis,United States,2014.02.10,"$647,675",Kei Nishikori,Hard,/en/scores/archive/memphis/402/2014/results,2014
608,Memphis,Memphis,United States,2014.02.10,"$647,675",Kei Nishikori,Hard,/en/scores/archive/memphis/424/2014/results,2014
609,Buenos Aires,Buenos Aires,Argentina,2014.02.10,"$567,760",David Ferrer,Clay,/en/scores/archive/buenos-aires/506/2014/results,2014
610,Rio de Janeiro,Rio de Janeiro,Brazil,2014.02.17,"$1,454,365",Rafael Nadal,Clay,/en/scores/archive/rio-de-janeiro/6932/2014/results,2014
611,Marseille,Marseille,France,2014.02.17,"€621,560",Ernests Gulbis,Hard,/en/scores/archive/marseille/496/2014/results,2014
612,Delray Beach,Delray Beach,United States,2014.02.17,"$539,730",Marin Cilic,Hard,/en/scores/archive/delray-beach/499/2014/results,2014
613,Dubai,Dubai,United Arab Emirates,2014.02.24,"$2,359,935",Roger Federer,Hard,/en/scores/archive/dubai/495/2014/results,2014
614,Acapulco,Acapulco,Mexico,2014.02.24,"$1,454,365",Grigor Dimitrov,Hard,/en/scores/archive/acapulco/807/2014/results,2014
615,Sao Paulo,Sao Paulo,Brazil,2014.02.24,"$539,730",Federico Delbonis,Clay,/en/scores/archive/sao-paulo/533/2014/results,2014
616,ATP Masters 1000 Indian Wells,Indian Wells,United States,2014.03.06,"$6,959,295",Novak Djokovic,Hard,/en/scores/archive/indian-wells/404/2014/results,2014
617,ATP Masters 1000 Miami,Miami,United States,2014.03.19,"$5,649,405",Novak Djokovic,Hard,/en/scores/archive/miami/403/2014/results,2014
618,Houston,Houston,United States,2014.04.07,"$539,730",Fernando Verdasco,Clay,/en/scores/archive/houston/717/2014/results,2014
619,Casablanca,Casablanca,Morocco,2014.04.07,"€485,760",Guillermo Garcia-Lopez,Clay,/en/scores/archive/casablanca/360/2014/results,2014
620,ATP Masters 1000 Monte Carlo,Monte Carlo,Monaco,2014.04.13,"€3,246,165",Stan Wawrinka,Clay,/en/scores/archive/monte-carlo/410/2014/results,2014
621,Barcelona,Barcelona,Spain,2014.04.21,"€2,127,035",Kei Nishikori,Clay,/en/scores/archive/barcelona/425/2014/results,2014
622,Bucharest,Bucharest,Romania,2014.04.21,"€485,760",Grigor Dimitrov,Clay,/en/scores/archive/bucharest/773/2014/results,2014
623,Munich,Munich,Germany,2014.04.28,"€485,760",Martin Klizan,Clay,/en/scores/archive/munich/308/2014/results,2014
624,Oeiras,Oeiras,Portugal,2014.04.28,"€485,760",Carlos Berlocq,Clay,/en/scores/archive/oeiras/468/2014/results,2014
625,ATP Masters 1000 Madrid,Madrid,Spain,2014.05.04,"€4,625,835",Rafael Nadal,Clay,/en/scores/archive/madrid/1536/2014/results,2014
626,ATP Masters 1000 Rome,Rome,Italy,2014.05.11,"€3,452,415",Novak Djokovic,Clay,/en/scores/archive/rome/416/2014/results,2014
627,Dusseldorf,Dusseldorf,Germany,2014.05.18,"€485,760",Philipp Kohlschreiber,Clay,/en/scores/archive/dusseldorf/6710/2014/results,2014
628,Nice,Nice,France,2014.05.18,"€485,760",Ernests Gulbis,Clay,/en/scores/archive/nice/6120/2014/results,2014
629,Roland Garros,Paris,France,2014.05.26,"€11,552,000",Rafael Nadal,Clay,/en/scores/archive/roland-garros/520/2014/results,2014
630,Halle,Halle,Germany,2014.06.09,"€809,600",Roger Federer,Grass,/en/scores/archive/halle/500/2014/results,2014
631,London / Queen's Club,London,Great Britain,2014.06.09,"€809,600",Grigor Dimitrov,Grass,/en/scores/archive/london/311/2014/results,2014
632,s-Hertogenbosch,s-Hertogenbosch,Netherlands,2014.06.15,"€485,760",Roberto Bautista Agut,Grass,/en/scores/archive/s-hertogenbosch/440/2014/results,2014
633,Eastbourne,Eastbourne,Great Britain,2014.06.16,"€562,340",Feliciano Lopez,Grass,/en/scores/archive/eastbourne/741/2014/results,2014
634,Wimbledon,London,Great Britain,2014.06.23,"£11,715,000",Novak Djokovic,Grass,/en/scores/archive/wimbledon/540/2014/results,2014
635,Newport,Newport,United States,2014.07.07,"$539,730",Lleyton Hewitt,Grass,/en/scores/archive/newport/315/2014/results,2014
636,Bastad,Bastad,Sweden,2014.07.07,"€485,760",Pablo Cuevas,Clay,/en/scores/archive/bastad/316/2014/results,2014
637,Stuttgart,Stuttgart,Germany,2014.07.07,"€485,760",Roberto Bautista Agut,Clay,/en/scores/archive/stuttgart/321/2014/results,2014
638,Hamburg,Hamburg,Germany,2014.07.14,"€1,322,150",Leonardo Mayer,Clay,/en/scores/archive/hamburg/414/2014/results,2014
639,Bogota,Bogota,Colombia,2014.07.14,"$730,102",Bernard Tomic,Hard,/en/scores/archive/bogota/6718/2014/results,2014
640,Atlanta,Atlanta,United States,2014.07.21,"$647,675",John Isner,Hard,/en/scores/archive/atlanta/6116/2014/results,2014
641,Gstaad,Gstaad,Switzerland,2014.07.21,"€485,760",Pablo Andujar,Clay,/en/scores/archive/gstaad/314/2014/results,2014
642,Umag,Umag,Croatia,2014.07.21,"€485,760",Pablo Cuevas,Clay,/en/scores/archive/umag/439/2014/results,2014
643,Kitzbühel,Kitzbuhel,Austria,2014.07.27,"€485,760",David Goffin,Clay,/en/scores/archive/kitzbuhel/319/2014/results,2014
644,Washington,Washington,United States,2014.07.28,"$1,654,295",Milos Raonic,Hard,/en/scores/archive/washington/418/2014/results,2014
645,ATP Masters 1000 Canada,Toronto,Canada,2014.08.04,"$3,766,270",Jo-Wilfried Tsonga,Hard,/en/scores/archive/toronto/421/2014/results,2014
646,ATP Masters 1000 Cincinnati,Cincinnati,United States,2014.08.10,"$4,017,355",Roger Federer,Hard,/en/scores/archive/cincinnati/422/2014/results,2014
647,Winston-Salem,Winston-Salem,United States,2014.08.17,"$683,705",Lukas Rosol,Hard,/en/scores/archive/winston-salem/6242/2014/results,2014
648,US Open,New York City,United States,2014.08.25,"$17,851,868",Marin Cilic,Hard,/en/scores/archive/us-open/560/2014/results,2014
649,Metz,Metz,France,2014.09.15,"€485,760",David Goffin,Hard,/en/scores/archive/metz/341/2014/results,2014
650,Kuala Lumpur,Kuala Lumpur,Malaysia,2014.09.22,"$1,022,255",Kei Nishikori,Hard,/en/scores/archive/kuala-lumpur/6003/2014/results,2014
651,Shenzhen,Shenzhen,China,2014.09.22,"$655,955",Andy Murray,Hard,/en/scores/archive/shenzhen/6967/2014/results,2014
652,Beijing,Beijing,China,2014.09.29,"$3,755,065",Novak Djokovic,Hard,/en/scores/archive/beijing/747/2014/results,2014
653,Tokyo,Tokyo,Japan,2014.09.29,"$1,373,420",Kei Nishikori,Hard,/en/scores/archive/tokyo/329/2014/results,2014
654,ATP Masters 1000 Shanghai,Shanghai,China,2014.10.05,"$6,521,695",Roger Federer,Hard,/en/scores/archive/shanghai/5014/2014/results,2014
655,Moscow,Moscow,Russia,2014.10.13,"$855,490",Marin Cilic,Hard,/en/scores/archive/moscow/438/2014/results,2014
656,Stockholm,Stockholm,Sweden,2014.10.13,"€593,705",Tomas Berdych,Hard,/en/scores/archive/stockholm/429/2014/results,2014
657,Vienna,Vienna,Austria,2014.10.13,"€593,705",Andy Murray,Hard,/en/scores/archive/vienna/337/2014/results,2014
658,Valencia,Valencia,Spain,2014.10.20,"€2,204,230",Andy Murray,Hard,/en/scores/archive/valencia/573/2014/results,2014
659,Basel,Basel,Switzerland,2014.10.20,"€1,915,060",Roger Federer,Hard,/en/scores/archive/basel/328/2014/results,2014
660,ATP Masters 1000 Paris,Paris,France,2014.10.27,"€3,452,415",Novak Djokovic,Hard,/en/scores/archive/paris/352/2014/results,2014
661,ATP Finals,London,Great Britain,2014.11.09,"$6,500,000",Novak Djokovic,Hard,/en/scores/archive/atp-finals/605/2014/results,2014
